,0,1,2,3,4,5,6,7,8,9,10,11,12,13,14,15,16,17,18,19,20,21,22,23,24,25,26,27,28,29,30,31,32,33,34,35,36,37,38,39,40,41,42,43,44,45,46
has_website,0.014992024057975608,0.3106527012750557,0.2887519103700868,1.3539610680065912,-0.2627914959320252,-0.2806686531591045,-0.2806686531591045,-0.2806686531591045,-0.2806686531591045,-0.2806686531591045,-0.2806686531591045,-0.2806686531591045,-0.2806686531591045,-0.2806686531591045,-0.2806686531591045,-0.2806686531591045,-0.2806686531591045,-0.2806686531591045,-0.2806686531591045,-0.2806686531591045,-0.2806686531591045,-0.2806686531591045,-0.2806686531591045,3.562920150662937,3.562920150662937,-0.2806686531591045,-0.2806686531591045,-0.28066865315910455,-0.2806686531591045,-0.2806686531591045,-0.2806686531591045,-0.2806686531591045,-0.2806686531591045,-0.2806686531591045,-0.2806686531591045,-0.2806686531591045,-0.2806686531591045,-0.2806686531591045,-0.2806686531591045,-0.2806686531591045,-0.2806686531591045,-0.2806686531591045,-0.2806686531591045,-0.2806686531591045,-0.2806686531591045,-0.2806686531591045,-0.2806686531591045
has_phone,0.08870716809438955,-0.10522505456713797,0.767469947409736,1.1586780517441966,-0.41100655913577905,-0.4930894998901931,-0.4930894998901931,-0.18347840757091227,-0.49308949989019313,-0.4930894998901931,-0.4930894998901931,-0.4930894998901931,-0.4930894998901931,-0.4930894998901931,-0.493089499890193,-0.45807395968741726,-0.493089499890193,-0.4930894998901931,-0.493089499890193,-0.4930894998901931,-0.4930894998901931,-0.493089499890193,-0.4930894998901931,1.1667775984177882,-0.3946082930698861,-0.4930894998901931,-0.4930894998901931,0.5153580579497502,-0.48567444431784057,2.028029394709665,-0.4930894998901931,-0.45430305535788756,-0.45430305535788756,-0.4554608596722847,-0.46342927760078295,0.7224499671490242,-0.4930894998901931,-0.49308949989019313,0.2557576965256063,-0.4930894998901931,-0.4930894998901931,-0.4930894998901931,-0.4930894998901931,2.028029394709665,2.028029394709665,-0.493089499890193,-0.4930894998901931
has_address,-0.04079926409792795,0.2043228062475462,0.2043228062475462,0.2043228062475462,0.2043228062475462,-4.814551584076037,-4.266703756853902,0.2043228062475462,0.2043228062475462,0.2043228062475462,-4.7600441763281625,0.2043228062475462,0.2043228062475462,0.2043228062475462,0.2043228062475462,0.2043228062475462,0.2043228062475462,0.2043228062475462,0.20432280624754623,0.2043228062475462,0.2043228062475462,0.20432280624754623,0.20432280624754617,0.20432280624754623,0.2043228062475462,0.2043228062475462,-1.186187847348598,0.2043228062475462,0.20432280624754617,0.2043228062475462,0.2043228062475462,0.2043228062475462,0.2043228062475462,0.2043228062475462,0.20432280624754617,0.20432280624754617,0.2043228062475462,0.20432280624754617,0.20432280624754617,0.2043228062475462,0.2043228062475462,0.2043228062475462,0.2043228062475462,0.2043228062475462,0.20432280624754617,0.2043228062475462,0.2043228062475462
has_city,0.009939276873098304,0.18801215571711705,0.2527659298422148,0.2527659298422148,0.23318920743230154,-3.9562293882891377,-3.9562293882891377,0.2527659298422148,0.2527659298422148,0.2527659298422148,-3.9562293882891377,0.2527659298422148,0.2527659298422148,0.2527659298422148,0.2527659298422148,0.2527659298422148,0.2527659298422148,0.2527659298422148,0.2527659298422148,0.2527659298422148,0.2527659298422148,0.2527659298422148,0.2527659298422148,0.2527659298422148,0.2527659298422148,0.2527659298422148,-3.9562293882891377,0.2527659298422148,0.2527659298422148,0.2527659298422148,0.2527659298422148,0.2527659298422148,0.2527659298422148,0.2527659298422148,0.2527659298422148,0.2527659298422148,0.2527659298422148,0.2527659298422148,0.2527659298422148,0.2527659298422148,0.2527659298422148,0.2527659298422148,0.2527659298422148,0.2527659298422148,0.2527659298422148,0.2527659298422148,0.2527659298422148
has_state,0.010421554962890869,0.1883325210918505,0.2530274178660177,0.2530274178660177,0.23346849558545552,-3.952140872454847,-3.952140872454847,0.2530274178660177,0.2530274178660177,0.2530274178660177,-3.952140872454847,0.2530274178660177,0.2530274178660177,0.2530274178660177,0.2530274178660177,0.2530274178660177,0.2530274178660177,0.2530274178660177,0.2530274178660177,0.2530274178660177,0.2530274178660177,0.2530274178660177,0.2530274178660177,0.2530274178660177,0.2530274178660177,0.2530274178660177,-3.952140872454847,0.2530274178660177,0.2530274178660177,0.2530274178660177,0.2530274178660177,0.2530274178660177,0.2530274178660177,0.2530274178660177,0.2530274178660177,0.2530274178660177,0.2530274178660177,0.2530274178660177,0.2530274178660177,0.2530274178660177,0.2530274178660177,0.2530274178660177,0.2530274178660177,0.2530274178660177,0.2530274178660177,0.2530274178660177,0.2530274178660177
has_postal_code,0.001604403261775661,0.18250615498980421,0.2482886101636328,0.2482886101636328,0.22840089115759157,-4.027570976135224,-4.027570976135224,0.2482886101636328,0.18540832212982608,0.24828861016363282,-4.027570976135224,0.2482886101636328,0.24828861016363282,0.2482886101636328,0.2482886101636328,0.24828861016363282,0.24828861016363277,0.2482886101636328,0.2482886101636328,0.2482886101636328,0.2482886101636328,0.2482886101636328,0.24828861016363277,0.2482886101636328,0.21488345714567297,0.2482886101636328,-3.638856468289873,0.24828861016363277,0.24828861016363277,0.2482886101636328,0.2482886101636328,0.24828861016363282,0.18250615498980424,0.21637921026588014,0.24828861016363277,0.2482886101636328,0.24828861016363277,0.2482886101636328,0.24828861016363277,0.2482886101636328,0.2482886101636328,0.2482886101636328,0.2482886101636328,0.2482886101636328,0.24828861016363277,0.24828861016363282,0.2482886101636328
has_country,0.0,0.0,0.0,0.0,0.0,0.0,0.0,0.0,0.0,0.0,0.0,0.0,0.0,0.0,0.0,0.0,0.0,0.0,0.0,0.0,0.0,0.0,0.0,0.0,0.0,0.0,0.0,0.0,0.0,0.0,0.0,0.0,0.0,0.0,0.0,0.0,0.0,0.0,0.0,0.0,0.0,0.0,0.0,0.0,0.0,0.0,0.0
has_region,0.0,0.0,0.0,0.0,0.0,0.0,0.0,0.0,0.0,0.0,0.0,0.0,0.0,0.0,0.0,0.0,0.0,0.0,0.0,0.0,0.0,0.0,0.0,0.0,0.0,0.0,0.0,0.0,0.0,0.0,0.0,0.0,0.0,0.0,0.0,0.0,0.0,0.0,0.0,0.0,0.0,0.0,0.0,0.0,0.0,0.0,0.0
has_company_name,0.0,0.0,0.0,0.0,0.0,0.0,0.0,0.0,0.0,0.0,0.0,0.0,0.0,0.0,0.0,0.0,0.0,0.0,0.0,0.0,0.0,0.0,0.0,0.0,0.0,0.0,0.0,0.0,0.0,0.0,0.0,0.0,0.0,0.0,0.0,0.0,0.0,0.0,0.0,0.0,0.0,0.0,0.0,0.0,0.0,0.0,0.0
has_parent,0.0,0.0,0.0,0.0,0.0,0.0,0.0,0.0,0.0,0.0,0.0,0.0,0.0,0.0,0.0,0.0,0.0,0.0,0.0,0.0,0.0,0.0,0.0,0.0,0.0,0.0,0.0,0.0,0.0,0.0,0.0,0.0,0.0,0.0,0.0,0.0,0.0,0.0,0.0,0.0,0.0,0.0,0.0,0.0,0.0,0.0,0.0
has_global_ultimate,0.0,0.0,0.0,0.0,0.0,0.0,0.0,0.0,0.0,0.0,0.0,0.0,0.0,0.0,0.0,0.0,0.0,0.0,0.0,0.0,0.0,0.0,0.0,0.0,0.0,0.0,0.0,0.0,0.0,0.0,0.0,0.0,0.0,0.0,0.0,0.0,0.0,0.0,0.0,0.0,0.0,0.0,0.0,0.0,0.0,0.0,0.0
has_domestic_ultimate,0.0,0.0,0.0,0.0,0.0,0.0,0.0,0.0,0.0,0.0,0.0,0.0,0.0,0.0,0.0,0.0,0.0,0.0,0.0,0.0,0.0,0.0,0.0,0.0,0.0,0.0,0.0,0.0,0.0,0.0,0.0,0.0,0.0,0.0,0.0,0.0,0.0,0.0,0.0,0.0,0.0,0.0,0.0,0.0,0.0,0.0,0.0
has_ticker,-0.0216232011680767,-0.0216232011680767,-0.0216232011680767,-0.0216232011680767,-0.0216232011680767,-0.0216232011680767,-0.0216232011680767,-0.021623201168076703,-0.0216232011680767,-0.0216232011680767,-0.021623201168076703,-0.0216232011680767,-0.0216232011680767,-0.021623201168076703,-0.0216232011680767,-0.0216232011680767,-0.0216232011680767,-0.0216232011680767,-0.0216232011680767,-0.0216232011680767,-0.0216232011680767,-0.0216232011680767,-0.0216232011680767,-0.0216232011680767,-0.0216232011680767,-0.0216232011680767,-0.021623201168076697,-0.0216232011680767,-0.0216232011680767,-0.021623201168076697,-0.0216232011680767,-0.0216232011680767,-0.0216232011680767,-0.0216232011680767,-0.0216232011680767,-0.0216232011680767,-0.0216232011680767,-0.0216232011680767,-0.0216232011680767,-0.0216232011680767,-0.021623201168076703,-0.0216232011680767,-0.0216232011680767,-0.0216232011680767,-0.0216232011680767,-0.0216232011680767,-0.0216232011680767
has_registration_number,-0.09824350985654465,0.01913735375967165,0.5756095960884008,0.41830938750217406,-0.1040930545550272,-1.523582568053457,-1.523582568053457,0.5798589729388904,0.30371196849310367,-0.1005724952457553,-1.523582568053457,-1.523582568053457,0.656347756247703,0.656347756247703,-1.523582568053457,-1.523582568053457,0.656347756247703,-1.523582568053457,-0.37911914779534794,0.656347756247703,-1.523582568053457,0.656347756247703,-1.5235825680534572,0.6428078163452113,0.5541635222960861,-0.4898011771477522,0.18072659458199541,0.656347756247703,0.43194316404023064,0.656347756247703,0.656347756247703,0.4886608082245369,0.3545112498060039,0.15203551704370333,0.6307015171382776,0.6368840926378713,0.656347756247703,0.656347756247703,0.5915973505753914,0.656347756247703,-1.523582568053457,-1.523582568053457,0.656347756247703,0.656347756247703,0.656347756247703,0.656347756247703,0.656347756247703
has_company_description,0.11043356043580761,1.1718494283895782,-0.17216563291876025,0.9969034167554717,-0.3341595012353944,-0.7507151626210251,-0.7507151626210251,-0.7507151626210251,-0.7507151626210251,-0.7507151626210251,-0.7507151626210251,-0.7507151626210251,-0.7507151626210251,-0.7507151626210251,-0.7507151626210251,-0.7507151626210251,1.3320631443071285,1.3320631443071285,0.9155074829214979,1.0447833778342797,1.0894093609756932,1.3320631443071285,1.3320631443071285,1.1250789647366286,1.3157914387842522,1.3320631443071285,-0.7507151626210251,1.0890723418321773,-0.7507151626210251,-0.7507151626210251,-0.7507151626210251,1.2359349147565983,-0.7507151626210251,-0.7507151626210251,1.1115336765147357,1.2328832249295973,1.3320631443071285,1.3072681644627457,-0.7507151626210251,-0.7507151626210251,-0.750715162621025,-0.7507151626210251,-0.7507151626210251,-0.7507151626210251,-0.7507151626210251,-0.7507151626210251,-0.7507151626210251
has_legal_status,0.0152881252415654,0.0152881252415654,0.0152881252415654,0.015288125241565398,0.0152881252415654,0.0152881252415654,0.0152881252415654,0.0152881252415654,0.015288125241565401,0.0152881252415654,0.0152881252415654,0.0152881252415654,0.015288125241565401,0.0152881252415654,0.0152881252415654,0.0152881252415654,0.0152881252415654,0.0152881252415654,0.015288125241565398,0.015288125241565398,0.0152881252415654,0.0152881252415654,0.015288125241565401,0.0152881252415654,0.0152881252415654,0.015288125241565398,0.0152881252415654,0.0152881252415654,0.015288125241565401,0.0152881252415654,0.0152881252415654,0.0152881252415654,0.0152881252415654,0.0152881252415654,0.015288125241565401,0.0152881252415654,0.0152881252415654,0.0152881252415654,0.0152881252415654,0.015288125241565398,0.0152881252415654,0.0152881252415654,0.0152881252415654,0.0152881252415654,0.015288125241565401,0.0152881252415654,0.0152881252415654
has_ownership_type,-0.024671366166033357,0.3804082614320942,0.10178206255507526,0.3804082614320942,0.38040826143209416,-2.6287546864397107,0.3804082614320942,-2.6287546864397107,-2.6287546864397107,-2.6287546864397107,0.3804082614320942,-2.6287546864397107,-2.6287546864397107,-2.6287546864397107,0.3804082614320942,0.3804082614320942,0.3804082614320942,0.3804082614320942,0.3804082614320942,0.3804082614320942,0.3804082614320942,0.3804082614320942,0.3804082614320942,0.3804082614320942,0.3804082614320942,0.3804082614320942,0.3804082614320942,0.3804082614320942,0.3804082614320942,0.3804082614320942,0.3804082614320942,0.3804082614320942,0.3804082614320942,0.3804082614320942,0.3804082614320942,0.3804082614320942,0.3804082614320942,0.3804082614320942,0.3804082614320942,0.3804082614320942,0.3804082614320943,0.3804082614320942,0.3804082614320942,0.3804082614320943,0.3804082614320942,0.3804082614320943,0.3804082614320942
has_entity_type,0.0,0.0,0.0,0.0,0.0,0.0,0.0,0.0,0.0,0.0,0.0,0.0,0.0,0.0,0.0,0.0,0.0,0.0,0.0,0.0,0.0,0.0,0.0,0.0,0.0,0.0,0.0,0.0,0.0,0.0,0.0,0.0,0.0,0.0,0.0,0.0,0.0,0.0,0.0,0.0,0.0,0.0,0.0,0.0,0.0,0.0,0.0
has_company_status,0.0,0.0,0.0,0.0,0.0,0.0,0.0,0.0,0.0,0.0,0.0,0.0,0.0,0.0,0.0,0.0,0.0,0.0,0.0,0.0,0.0,0.0,0.0,0.0,0.0,0.0,0.0,0.0,0.0,0.0,0.0,0.0,0.0,0.0,0.0,0.0,0.0,0.0,0.0,0.0,0.0,0.0,0.0,0.0,0.0,0.0,0.0
credibility_score_norm,0.03674257826386233,0.619282062743419,0.5720601338827421,1.4498208983471075,-0.38101244475840873,-2.1649544120155944,-2.062597828068125,-0.19111822637919512,-0.4287717711537635,-0.6054349456819802,-2.1547705766881937,-1.2272581899464965,-0.2746779008604291,-0.2746779008604291,-1.2272581899464965,-1.2140279081536345,0.6779023882256383,-0.2746779008604291,0.03491069309254281,0.5465120035241118,-0.38565812871511657,0.6779023882256383,-0.2746779008604291,2.157064327800278,1.6155986102947368,0.17706120530409772,-0.7423082245935894,0.9478001368000244,-0.36993592976903583,0.6779023882256383,-0.2746779008604291,0.5753168186317541,-0.3919185518248681,-0.48083333655816013,0.5770409458518194,1.0833160231640544,0.6779023882256383,0.6665621466888995,-0.02002772457009424,-0.2746779008604291,-1.2272581899464965,-1.2272581899464965,-0.2746779008604291,0.6779023882256383,0.6779023882256383,-0.2746779008604291,-0.2746779008604291
missing_ratio_contact,-0.05042075090393296,-0.18425372970708231,-0.534681154854571,-0.8457616419832195,-0.02786463088093038,3.8696449414270773,3.785623394341392,-0.11017468289469456,-0.004866233994731566,-0.0278646308809304,3.8612853267694294,-0.0278646308809304,-0.0278646308809304,-0.0278646308809304,-0.0278646308809304,-0.017004276795780943,-0.0278646308809304,-0.0278646308809304,-0.027864630880930396,-0.027864630880930396,-0.0278646308809304,-0.0278646308809304,-0.0278646308809304,-1.3197745777056642,-0.8159190741845866,-0.0278646308809304,3.2420892536658847,-0.34064282853323424,0.0135324835142275,-0.80981012501169,0.008789064156448992,0.05634488387161302,0.008225161155873933,-0.016193802610322026,-0.018665272126450857,-0.39556519062099,0.016564090376499165,6.19939094538982e-05,-0.23689956495548986,-0.005523331048622961,-0.0278646308809304,-0.0278646308809304,-0.020944759251454642,-0.8054899841601388,-0.80981012501169,-0.021420025160072485,-0.02439702336815541
missing_ratio_ownership,0.0,0.0,0.0,0.0,0.0,0.0,0.0,0.0,0.0,0.0,0.0,0.0,0.0,0.0,0.0,0.0,0.0,0.0,0.0,0.0,0.0,0.0,0.0,0.0,0.0,0.0,0.0,0.0,0.0,0.0,0.0,0.0,0.0,0.0,0.0,0.0,0.0,0.0,0.0,0.0,0.0,0.0,0.0,0.0,0.0,0.0,0.0
missing_ratio_financial,0.15306762142581226,-0.3157601686914972,-0.3157601686914972,-0.3157601686914972,-0.3157601686914972,3.1669605578942304,3.1669605578942304,-0.3157601686914972,-0.3157601686914972,-0.3157601686914972,3.1669605578942304,-0.3157601686914972,-0.3157601686914972,-0.3157601686914972,3.1669605578942304,3.1669605578942304,-0.3157601686914972,-0.3157601686914972,-0.3157601686914972,-0.3157601686914972,-0.3157601686914972,-0.3157601686914972,-0.3157601686914972,-0.3157601686914972,-0.3157601686914972,-0.3157601686914972,-0.3157601686914972,-0.3157601686914972,-0.3157601686914972,-0.3157601686914972,-0.3157601686914972,-0.3157601686914972,-0.3157601686914972,-0.3157601686914972,-0.3157601686914972,-0.3157601686914972,-0.3157601686914972,-0.3157601686914972,-0.3157601686914972,-0.3157601686914972,-0.3157601686914972,-0.3157601686914972,-0.3157601686914972,-0.3157601686914972,-0.3157601686914972,-0.3157601686914972,-0.3157601686914972
missing_ratio_it,0.07709887075198617,0.07963004289968659,-0.4577284293454627,0.13775972049860058,3.0673550086830463,0.012237584467161878,0.5656150952581748,1.102223590570672,1.102223590570672,-0.2139859262335667,-0.7277694656878527,-0.872090684635686,-0.872090684635686,-0.872090684635686,-0.8350143602186652,0.39841711283507214,1.102223590570672,1.102223590570672,-0.872090684635686,-0.2139859262335667,-0.2139859262335667,0.4441188321685525,0.4441188321685525,-0.8475650414654207,0.6446351257441985,0.30164254426706294,-0.872090684635686,0.4441188321685525,1.102223590570672,1.102223590570672,1.102223590570672,0.4441188321685525,0.4441188321685525,-0.2139859262335667,-0.5391671009734375,-0.860338813949934,1.102223590570672,1.102223590570672,-0.2139859262335667,-0.2139859262335667,-0.8503608105375028,-0.872090684635686,-0.872090684635686,-0.864818808852237,-0.8566058667909302,-0.8666667443191849,-0.872090684635686
missing_ratio_codes,0.0007996051941502133,-1.1183419209218093,0.1864757085907812,-0.8047355401899177,0.3476589785083816,0.6872618795775455,0.6872618795775455,0.6872618795775456,0.6872618795775455,0.6872618795775455,0.6872618795775456,0.6872618795775455,0.6872618795775455,0.6872618795775455,0.6872618795775455,0.6872618795775455,-2.016983443750981,-2.016983443750981,-2.016983443750981,-2.016983443750981,-2.016983443750981,-2.016983443750981,-2.016983443750981,-0.4549038470456834,-0.39021086643616454,-2.0114076801977263,0.6872618795775455,-0.33133719220953306,0.6872618795775455,0.6872618795775455,0.6872618795775455,-0.3694739852308328,0.6872618795775455,0.6872618795775455,-0.3498957385461014,-0.40248459893043836,-0.3944362497538654,-0.3815588910713486,0.6872618795775455,0.6872618795775455,0.6872618795775455,0.6872618795775455,0.6872618795775455,0.6872618795775455,0.6872618795775455,0.6872618795775455,0.6872618795775454
missing_ratio_overall,0.03689114915573848,-0.8547901012693429,-0.42313184432750844,-0.9216551810991138,1.9469783755185095,2.687798759528357,2.963601628044874,1.0206066021474238,1.0712516092523865,0.30808374356726,2.2609241707869705,-0.0679699873500493,-0.0679699873500493,-0.0679699873500493,0.32926986925274215,1.039299331462027,-0.8200774491846682,-0.8200774491846682,-1.9482386419365958,-1.5721849110192867,-1.5721849110192867,-1.1961311801019776,-1.1961311801019776,-1.4694124628182832,-0.32944484712849104,-1.273668031837505,1.5046183419405157,-0.17451854444328696,1.0800999323327938,0.684137474484568,1.0778187240386263,-0.010115567208924798,0.7014938005269054,0.3136964858197571,-0.5944452106342825,-0.9957930317859109,0.3294504328239252,0.33046789421709977,0.2075545283715436,0.31882813587918307,-0.05555311887636456,-0.0679699873500493,-0.06464207822688728,-0.43779078350077344,-0.4351753951869514,-0.061771299477785965,-0.06630234331050469
log_org_complexity_count,0.6507687676990421,0.03974305599099766,-0.2559660843830914,-0.23500753584888223,-0.056014952098440055,-0.16824212136829877,0.21158308954350216,-0.36942507537974395,-0.15373739269916703,-0.26625871346341584,-0.22129602215803554,-0.32779529553456466,-0.297637091795056,-0.3014868480668703,-0.12463627528533883,-0.04424352131871081,0.49302453682360403,-0.0027397021527657208,-0.18101502996228536,0.08287042152547376,0.21568657153190526,-0.055094410793388414,-0.20514486938947477,-0.12100426521557237,1.1818768623160458,-0.32038496157079227,-0.3344699659148288,5.521514471387852,0.012838279100920983,-0.3913968584719764,-0.38161254881371665,-0.2543157221024186,0.35270099805136795,-0.27294619405342196,-0.20672612408035843,-0.18291196128580392,0.06482386392583997,-0.3360901809018528,-0.37279698268597766,-0.36455989483789253,-0.29106794455383805,-0.23255571511753476,-0.3747721907340483,-0.3913968584719764,-0.2976206215681138,-0.29114520633823526,-0.2726282408284884
employees_total_missing,0.0,0.0,0.0,0.0,0.0,0.0,0.0,0.0,0.0,0.0,0.0,0.0,0.0,0.0,0.0,0.0,0.0,0.0,0.0,0.0,0.0,0.0,0.0,0.0,0.0,0.0,0.0,0.0,0.0,0.0,0.0,0.0,0.0,0.0,0.0,0.0,0.0,0.0,0.0,0.0,0.0,0.0,0.0,0.0,0.0,0.0,0.0
log_employees_total,-0.07408801948924869,-0.34719197744189473,0.3986261042713597,0.5267538673816474,-0.08136829177521188,-0.5196116969518628,-1.0250898239495885,-1.044718967513889,-1.044718967513889,-1.044718967513889,0.5742164825295472,0.7044016127401912,1.0271036861481115,0.5729575592558448,0.893029349519434,-0.876809651893495,-1.044718967513889,-1.044718967513889,-0.6194208569540439,-1.044718967513889,-1.044718967513889,-0.6194208569540439,-0.6194208569540439,0.7819924255008848,-0.8460919458726192,-0.7888101410999533,0.811962773945007,-0.2764962563797608,-1.044718967513889,-1.044718967513889,-1.044718967513889,-0.5343505821015664,-0.518420959530545,-1.044718967513889,-0.4565500016896591,0.694916951308144,-1.044718967513889,-1.044718967513889,-1.044718967513889,1.0358494808278622,1.1350871043201283,0.7002689700152769,0.40714301440926515,0.7066634167472421,0.6830262700286044,1.1039399732178732,0.6793696474849751
employees_single_site_missing,-0.0152881252415688,-0.0152881252415688,-0.0152881252415688,-0.015288125241568801,-0.0152881252415688,-0.0152881252415688,-0.0152881252415688,-0.0152881252415688,-0.0152881252415688,-0.0152881252415688,-0.0152881252415688,-0.0152881252415688,-0.0152881252415688,-0.0152881252415688,-0.0152881252415688,-0.0152881252415688,-0.015288125241568801,-0.0152881252415688,-0.015288125241568801,-0.015288125241568801,-0.0152881252415688,-0.0152881252415688,-0.0152881252415688,-0.0152881252415688,-0.0152881252415688,-0.0152881252415688,-0.0152881252415688,-0.0152881252415688,-0.0152881252415688,-0.0152881252415688,-0.0152881252415688,-0.0152881252415688,-0.0152881252415688,-0.0152881252415688,-0.0152881252415688,-0.015288125241568798,-0.0152881252415688,-0.015288125241568798,-0.015288125241568801,-0.015288125241568798,-0.0152881252415688,-0.0152881252415688,-0.0152881252415688,-0.0152881252415688,-0.0152881252415688,-0.015288125241568798,-0.015288125241568801
employees_single_site,-0.06220177548901514,-0.14569729025713435,0.0485339580528065,0.36395938865455196,-0.1380810119466005,-0.19175920764350923,-0.22687777226828162,-0.227340778819676,-0.227340778819676,-0.227340778819676,-0.011656893628462428,-0.0457464654911564,0.05869437959729412,-0.09487156835721122,0.05291404350379083,-0.2226732012008739,-0.227340778819676,-0.227340778819676,-0.2173089702061312,-0.22734077881967596,-0.227340778819676,-0.2173089702061312,-0.2173089702061312,0.02208363037299421,-0.21589824711985142,-0.21286187978981752,-0.00901214408489153,-0.20192686366536253,-0.227340778819676,-0.227340778819676,-0.227340778819676,-0.21345058227784475,-0.21298757572645038,-0.227340778819676,-0.18237467197543394,-0.020912431337387703,-0.227340778819676,-0.22734077881967596,-0.227340778819676,0.0654447211442106,0.1506501985623806,-0.05130733109530591,-0.09195575107050923,0.02051694559895618,-0.012010957461881647,0.12741043127249127,-0.05760079760025137
revenue_usd_missing,0.0,0.0,0.0,0.0,0.0,0.0,0.0,0.0,0.0,0.0,0.0,0.0,0.0,0.0,0.0,0.0,0.0,0.0,0.0,0.0,0.0,0.0,0.0,0.0,0.0,0.0,0.0,0.0,0.0,0.0,0.0,0.0,0.0,0.0,0.0,0.0,0.0,0.0,0.0,0.0,0.0,0.0,0.0,0.0,0.0,0.0,0.0
log_revenue_usd,-0.19829403478827556,-0.5085659962683701,0.9000044421890967,0.37388296487052675,0.08505336717517921,-0.6055355892344629,-1.23552032725565,0.7484004419047995,-1.23552032725565,-1.23552032725565,0.8254796397040299,0.7384142104203356,0.8616869495538009,0.6722623490666382,0.8425722829918435,-1.23552032725565,-1.23552032725565,-1.23552032725565,-1.23552032725565,-1.23552032725565,-1.23552032725565,-1.23552032725565,-1.23552032725565,0.7450655608454354,-1.2258880590186476,0.6807820880430436,0.8447794997449223,-1.23552032725565,-1.2269529826163335,0.7267120300235251,0.8191352204746136,-1.1993114739733273,-1.23552032725565,-1.23552032725565,-1.23552032725565,0.7330791187463985,-1.23552032725565,-1.23552032725565,0.6869730089826899,0.7593451893119206,0.8430175471248823,0.8408754307306465,0.744400747794268,0.6696039435768409,0.6428399702223813,0.8236306068623253,0.8334115432315505
market_value_usd_missing,0.0,0.0,0.0,0.0,0.0,0.0,0.0,0.0,0.0,0.0,0.0,0.0,0.0,0.0,0.0,0.0,0.0,0.0,0.0,0.0,0.0,0.0,0.0,0.0,0.0,0.0,0.0,0.0,0.0,0.0,0.0,0.0,0.0,0.0,0.0,0.0,0.0,0.0,0.0,0.0,0.0,0.0,0.0,0.0,0.0,0.0,0.0
log_market_value_usd,-0.1039030024621089,-0.38892473199044536,0.7423314928772549,0.26167581995894634,-1.0575641620188716,-0.4923534172726681,-1.0575641620188716,0.7445777952903762,-1.0575641620188716,-1.0575641620188716,0.6598134086195103,0.8334345337548098,0.9838811663937107,0.7987928045190656,0.85439536365422,-1.0575641620188716,-1.0575641620188716,-1.0575641620188716,-1.0575641620188716,-1.0575641620188716,-1.0575641620188716,-1.0575641620188716,-1.0575641620188716,0.705602655817647,-1.0480194107203245,0.6420527533209612,0.9060186623320342,-1.0575641620188716,-1.0489379659815898,0.7114586562263147,0.9012254580060907,-1.0207268537374898,-1.0575641620188716,-1.0575641620188716,-1.0575641620188716,0.7023752812959324,-1.0575641620188716,-1.0575641620188716,0.5994109463882418,0.8259638976005135,0.9390265019196286,0.8171766347354181,0.8666475010526004,0.6385911481081212,0.5391486388845627,0.9159778482793214,0.8314140484847662
corporate_family_members_missing,0.0,0.0,0.0,0.0,0.0,0.0,0.0,0.0,0.0,0.0,0.0,0.0,0.0,0.0,0.0,0.0,0.0,0.0,0.0,0.0,0.0,0.0,0.0,0.0,0.0,0.0,0.0,0.0,0.0,0.0,0.0,0.0,0.0,0.0,0.0,0.0,0.0,0.0,0.0,0.0,0.0,0.0,0.0,0.0,0.0,0.0,0.0
log_corporate_family_members,1.665809877092014,0.35578515683129264,-0.3425515170540719,-0.1597440030537759,-0.26187380107078573,-0.24482394551601297,0.13425077186376203,-0.6433904227555466,0.03101689712681269,-0.26781454784371717,-0.3457667139578597,-0.37636306447247114,-0.23685522803216288,-0.29222316181086283,-0.181019661357784,0.0715467940615038,0.5508555947038045,0.20520575462514437,-0.19096774261112054,-0.05649475098410943,-0.06563118554955105,0.020913340492192848,-0.05977786670861305,0.24101953454203595,1.3983812720060724,-0.7289042169696464,-0.32880040765845314,3.259565457659287,0.019220860359069575,-0.7294110603348746,-0.754901666196701,0.044309059299378964,0.46015414500008256,-0.28839311479766633,0.14723859575312098,0.09389341436333096,0.4192516923784639,-0.3763954445391945,-0.7298760360843105,-0.4423062400640873,-0.2738964565117369,-0.23012419448612192,-0.6877689191971346,-0.723030742733733,-0.3439820398073067,-0.30862373538715215,-0.2504956562761809
company_age_missing,0.15356364775670864,-0.3155363791666423,-0.3155363791666423,-0.3155363791666423,-0.31553637916664234,3.1692066779782504,3.1692066779782504,-0.31553637916664223,-0.3155363791666423,-0.3155363791666423,3.1692066779782504,-0.3155363791666423,-0.3155363791666423,-0.3155363791666423,3.1692066779782504,3.1692066779782504,-0.3155363791666423,-0.3155363791666423,-0.3155363791666423,-0.3155363791666423,-0.3155363791666423,-0.3155363791666423,-0.3155363791666423,-0.3155363791666423,-0.3155363791666423,-0.3155363791666423,-0.3155363791666423,-0.3155363791666423,-0.3155363791666423,-0.3155363791666423,-0.3155363791666423,-0.3155363791666423,-0.3155363791666423,-0.3155363791666423,-0.3155363791666423,-0.3155363791666423,-0.3155363791666423,-0.3155363791666423,-0.3155363791666423,-0.3155363791666423,-0.3155363791666423,-0.3155363791666423,-0.3155363791666423,-0.3155363791666423,-0.3155363791666423,-0.3155363791666423,-0.3155363791666423
log_company_age,0.007886202208348583,-0.15840179533172047,0.9293552992926679,0.9552930235150902,-0.24620617618165438,-0.0834124784545144,-0.0834124784545144,0.39843011976226855,-0.34056396013442836,-0.7359839011372846,-0.0834124784545144,-1.0122412521497226,-0.3253437089660641,-0.7491572397292123,-0.0834124784545144,-0.0834124784545144,-1.0407785708759247,-1.0407785708759247,-1.0407785708759247,-1.0407785708759247,-1.0407785708759247,-1.0407785708759247,-1.0407785708759247,1.0009304879931182,0.40417460529412447,-1.0309088173458072,-0.9324876049831848,0.450677791667333,0.06677292148495353,1.509399661802436,0.4506513985731715,0.23428917160137958,0.03949781939294425,-0.2025522372321659,0.3931592291775061,1.0368601348620312,0.3729516806169237,0.39622071748374554,0.6902357367426046,-0.5918044367122262,-0.9942573569524557,-0.9876053175487777,0.6440420468569054,1.4913224734304877,1.4443655106559863,-0.5890693448082783,-0.5141075361556066
employee_concentration,-0.27833120942069706,-0.1346065143116928,0.22145219538221894,0.10346619265686213,-0.032105181365736285,-0.27833120942069706,-1.2205264329130583,-1.316342896319061,-1.316342896319061,-1.316342896319061,0.45009804454306723,0.759680477477667,0.759680477477667,0.7596804774776669,0.7450605945636055,-0.5666677891146871,-1.316342896319061,-1.316342896319061,0.759680477477667,-1.316342896319061,-1.316342896319061,0.7596804774776671,0.759680477477667,0.7209968121274174,-0.9108695811243877,-0.8882968398661274,0.7596804774776669,0.759680477477667,-1.316342896319061,-1.316342896319061,-1.316342896319061,0.759680477477667,0.759680477477667,-1.316342896319061,-0.29054311161950136,0.759680477477667,-1.316342896319061,-1.316342896319061,-1.3163428963190609,0.759680477477667,0.759680477477667,0.759680477477667,0.759680477477667,0.7596804774776671,0.759680477477667,0.759680477477667,0.759680477477667
revenue_per_employee,-0.07186860217072413,-0.043674354668401055,0.11372300486630545,-0.06168059288143646,-0.10086495937994958,-0.12051939260032758,-0.1455324534291031,-0.1455324534291031,-0.1455324534291031,-0.1455324534291031,-0.011871604587962296,-0.06882676792083553,-0.045943823569591986,-0.0830399186776651,0.010756697813031747,-0.1455324534291031,-0.1455324534291031,-0.1455324534291031,-0.1455324534291031,-0.1455324534291031,-0.1455324534291031,-0.1455324534291031,-0.1455324534291031,0.01533270623361708,-0.1455324534291031,-0.09910197322514183,0.010661472738318477,-0.1455324534291031,-0.1455324534291031,-0.1455324534291031,-0.1455324534291031,-0.14529911691442593,-0.1455324534291031,-0.1455324534291031,-0.1455324534291031,0.021759659614046644,-0.1455324534291031,-0.1455324534291031,-0.1455324534291031,-0.0945964934220599,-0.04385993195699025,0.03204781078635259,0.14321242128245165,0.014931281408053505,-0.041955785502420975,-0.05621034703654013,0.04084966633835814
market_value_per_employee,-0.0636224124001223,-0.03228740198004432,0.05260625070152644,-0.07489051723596607,-0.1457517569214474,-0.11612650525207067,-0.1457517569214474,-0.1457517569214474,-0.1457517569214474,-0.1457517569214474,-0.023087753165296293,-0.055961462028289166,-0.03208472205501639,-0.062103848189102036,0.0363028818799622,-0.1457517569214474,-0.1457517569214474,-0.1457517569214474,-0.1457517569214474,-0.1457517569214474,-0.1457517569214474,-0.1457517569214474,-0.1457517569214474,0.019861735802703534,-0.1457517569214474,-0.09888498223709757,0.02071486250958049,-0.1457517569214474,-0.1457517569214474,-0.1457517569214474,-0.1457517569214474,-0.14555677806081282,-0.1457517569214474,-0.1457517569214474,-0.1457517569214474,0.02737702314413307,-0.1457517569214474,-0.1457517569214474,-0.1457517569214474,-0.07052216547452712,-0.01184942329261815,0.029628052469926256,0.2170245697520963,-0.0010981291675423407,-0.040620210515142856,-0.02413437281601272,0.0397724473527931
latitude_missing,-0.1568455254749293,-0.7942335786333985,-0.3535702332398889,-1.4378861487227939,0.256694077602271,0.5359675757842763,0.5359675757842763,0.5359675757842763,0.5359675757842763,0.5359675757842763,0.5359675757842763,0.5359675757842763,0.5359675757842763,0.5359675757842763,0.5359675757842763,0.5359675757842763,0.5359675757842763,0.5359675757842763,0.5359675757842763,0.5359675757842763,0.5359675757842763,0.5359675757842763,0.5359675757842763,-1.86578450858097,-1.86578450858097,0.5112072450176243,0.5359675757842763,-1.86578450858097,0.5359675757842763,0.5359675757842763,0.5359675757842763,-1.86578450858097,0.5359675757842763,0.5359675757842763,-1.8657845085809701,-1.86578450858097,-1.86578450858097,-1.86578450858097,0.5359675757842763,0.5359675757842763,0.5359675757842763,0.5359675757842763,0.5359675757842763,0.5359675757842763,0.5359675757842763,0.5359675757842763,0.5359675757842763
latitude,-0.015005586541586154,-0.014970703847092044,-0.014993380847932333,-0.014992988946065666,-0.015034053747495332,-0.0150318929046542,-0.0150318929046542,-0.0150318929046542,-0.015031892904654199,-0.0150318929046542,-0.0150318929046542,-0.0150318929046542,-0.0150318929046542,-0.0150318929046542,-0.0150318929046542,-0.0150318929046542,-0.015031892904654199,-0.0150318929046542,-0.0150318929046542,-0.0150318929046542,-0.015031892904654202,-0.0150318929046542,-0.0150318929046542,-0.01496193717428968,-0.014965736298934081,-0.015029458273675779,-0.015031892904654202,-0.015107286233897422,-0.0150318929046542,-0.0150318929046542,-0.0150318929046542,-0.015001477899884713,-0.0150318929046542,-0.015031892904654202,-0.014991507613280186,-0.014978614012971271,-0.014993330798037219,-0.01497421992046208,-0.0150318929046542,-0.0150318929046542,-0.0150318929046542,-0.0150318929046542,-0.0150318929046542,-0.0150318929046542,-0.0150318929046542,-0.0150318929046542,-0.0150318929046542
longitude_missing,-0.15622604078212393,-0.7933764784793007,-0.3528774104417464,-1.4643851519961344,0.25715939655089437,0.5363287828017639,0.5363287828017639,0.5363287828017639,0.5363287828017639,0.5363287828017639,0.5363287828017639,0.5363287828017639,0.5363287828017639,0.5363287828017639,0.5363287828017639,0.5363287828017639,0.5363287828017639,0.5363287828017639,0.5363287828017639,0.5363287828017639,0.5363287828017639,0.5363287828017639,0.5363287828017639,-1.8645279389557137,-1.864527938955714,0.51157768257746,0.5363287828017639,-1.864527938955714,0.5363287828017639,0.5363287828017639,0.5363287828017639,-1.864527938955714,0.5363287828017639,0.5363287828017639,-1.8645279389557137,-1.8645279389557141,-1.864527938955714,-1.8645279389557141,0.5363287828017639,0.5363287828017639,0.5363287828017639,0.5363287828017639,0.5363287828017639,0.5363287828017639,0.5363287828017639,0.5363287828017639,0.5363287828017639
longitude,-0.011849126964236343,-0.011853997873401126,-0.011842320521107863,-0.011838244064878371,-0.01186286105376521,-0.0118585423984631,-0.0118585423984631,-0.0118585423984631,-0.0118585423984631,-0.0118585423984631,-0.0118585423984631,-0.0118585423984631,-0.0118585423984631,-0.0118585423984631,-0.0118585423984631,-0.0118585423984631,-0.0118585423984631,-0.0118585423984631,-0.0118585423984631,-0.011858542398463099,-0.0118585423984631,-0.0118585423984631,-0.0118585423984631,-0.01184024483765454,-0.01188160429077588,-0.011858217158208235,-0.0118585423984631,-0.01191289536331287,-0.0118585423984631,-0.0118585423984631,-0.0118585423984631,-0.011877990682984924,-0.0118585423984631,-0.0118585423984631,-0.011876071643619082,-0.011840699505177073,-0.011881003432090986,-0.011888991566305837,-0.011858542398463099,-0.0118585423984631,-0.0118585423984631,-0.0118585423984631,-0.0118585423984631,-0.0118585423984631,-0.0118585423984631,-0.0118585423984631,-0.0118585423984631
parent_foreign_flag,-0.0446112792622575,-0.0446112792622575,-0.0446112792622575,-0.0446112792622575,-0.0446112792622575,-0.0446112792622575,-0.0446112792622575,-0.0446112792622575,-0.0446112792622575,-0.0446112792622575,-0.0446112792622575,-0.0446112792622575,-0.0446112792622575,-0.0446112792622575,-0.0446112792622575,-0.0446112792622575,-0.0446112792622575,-0.0446112792622575,-0.0446112792622575,-0.0446112792622575,-0.0446112792622575,-0.0446112792622575,-0.0446112792622575,-0.0446112792622575,-0.0446112792622575,-0.0446112792622575,-0.0446112792622575,-0.0446112792622575,-0.0446112792622575,-0.0446112792622575,-0.0446112792622575,-0.0446112792622575,-0.0446112792622575,-0.0446112792622575,-0.0446112792622575,-0.0446112792622575,-0.0446112792622575,-0.0446112792622575,-0.0446112792622575,-0.0446112792622575,-0.0446112792622575,-0.0446112792622575,-0.0446112792622575,-0.0446112792622575,-0.0446112792622575,-0.0446112792622575,-0.044611279262257504
global_ultimate_foreign_flag,8.281628212716297,-0.1207492022479972,-0.1207492022479972,-0.1207492022479972,-0.12074920224799722,-0.1207492022479972,-0.1207492022479972,-0.12074920224799719,-0.12074920224799719,-0.1207492022479972,-0.12074920224799719,-0.1207492022479972,-0.12074920224799722,-0.1207492022479972,-0.1207492022479972,-0.1207492022479972,-0.1207492022479972,-0.1207492022479972,-0.1207492022479972,-0.1207492022479972,-0.1207492022479972,-0.1207492022479972,-0.1207492022479972,-0.1207492022479972,-0.1207492022479972,-0.1207492022479972,-0.1207492022479972,-0.1207492022479972,-0.1207492022479972,-0.1207492022479972,-0.1207492022479972,-0.1207492022479972,-0.1207492022479972,-0.1207492022479972,-0.1207492022479972,-0.1207492022479972,-0.12074920224799722,-0.1207492022479972,-0.12074920224799722,-0.12074920224799722,-0.1207492022479972,-0.1207492022479972,-0.1207492022479972,-0.1207492022479972,-0.1207492022479972,-0.12074920224799719,-0.1207492022479972
multinational_flag,8.281628212716297,-0.1207492022479972,-0.1207492022479972,-0.1207492022479972,-0.12074920224799722,-0.1207492022479972,-0.1207492022479972,-0.12074920224799719,-0.12074920224799719,-0.1207492022479972,-0.12074920224799719,-0.1207492022479972,-0.12074920224799722,-0.1207492022479972,-0.1207492022479972,-0.1207492022479972,-0.1207492022479972,-0.1207492022479972,-0.1207492022479972,-0.1207492022479972,-0.1207492022479972,-0.1207492022479972,-0.1207492022479972,-0.1207492022479972,-0.1207492022479972,-0.1207492022479972,-0.1207492022479972,-0.1207492022479972,-0.1207492022479972,-0.1207492022479972,-0.1207492022479972,-0.1207492022479972,-0.1207492022479972,-0.1207492022479972,-0.1207492022479972,-0.1207492022479972,-0.12074920224799722,-0.1207492022479972,-0.12074920224799722,-0.12074920224799722,-0.1207492022479972,-0.1207492022479972,-0.1207492022479972,-0.1207492022479972,-0.1207492022479972,-0.12074920224799719,-0.1207492022479972
num_countries_reported,7.727190435634009,-0.1182452628940439,-0.1182452628940439,-0.1182452628940439,-0.11824526289404391,-0.1182452628940439,-0.1182452628940439,-0.1182452628940439,-0.11824526289404391,-0.1182452628940439,-0.1182452628940439,-0.1182452628940439,-0.1182452628940439,-0.1182452628940439,-0.1182452628940439,-0.1182452628940439,-0.11824526289404391,-0.1182452628940439,-0.11824526289404388,-0.1182452628940439,-0.1182452628940439,-0.11824526289404388,-0.11824526289404388,-0.1182452628940439,-0.1182452628940439,-0.1182452628940439,-0.11824526289404391,-0.1182452628940439,-0.11824526289404388,-0.1182452628940439,-0.1182452628940439,-0.1182452628940439,-0.1182452628940439,-0.1182452628940439,-0.11824526289404388,-0.11824526289404391,-0.1182452628940439,-0.11824526289404391,-0.1182452628940439,-0.11824526289404388,-0.1182452628940439,-0.1182452628940439,-0.1182452628940439,-0.1182452628940439,-0.11824526289404388,-0.1182452628940439,-0.1182452628940439
pc_midpoint_missing,-0.184242767670796,-0.184242767670796,-0.184242767670796,-0.18424276767079603,5.401519767755662,-0.184242767670796,-0.184242767670796,-0.18424276767079598,-0.184242767670796,-0.184242767670796,-0.18424276767079598,-0.184242767670796,-0.184242767670796,-0.184242767670796,-0.184242767670796,-0.184242767670796,-0.184242767670796,-0.184242767670796,-0.184242767670796,-0.18424276767079603,-0.184242767670796,-0.184242767670796,-0.184242767670796,-0.184242767670796,-0.184242767670796,-0.18424276767079603,-0.184242767670796,-0.184242767670796,-0.184242767670796,-0.184242767670796,-0.184242767670796,-0.184242767670796,-0.184242767670796,-0.184242767670796,-0.184242767670796,-0.184242767670796,-0.18424276767079603,-0.184242767670796,-0.184242767670796,-0.184242767670796,-0.184242767670796,-0.184242767670796,-0.184242767670796,-0.184242767670796,-0.184242767670796,-0.184242767670796,-0.184242767670796
log_pc_midpoint,0.05471124766923728,-0.240230787777975,0.2760212988043632,0.9492165144945858,-0.4846011406589133,-0.4846011406589133,-0.4846011406589133,-0.4846011406589133,-0.48460114065891324,-0.48460114065891324,0.28390340063751246,0.17723523172696126,1.5009079764987103,-0.4846011406589133,0.7353532698933928,-0.48460114065891324,-0.4846011406589133,-0.4846011406589133,-0.4846011406589133,-0.48460114065891324,-0.4846011406589133,-0.4846011406589133,-0.48460114065891335,0.25534014523833776,-0.4846011406589133,-0.4846011406589133,0.3457026719706384,-0.4846011406589133,-0.48460114065891335,-0.4846011406589133,-0.4846011406589133,-0.4846011406589133,-0.4846011406589133,-0.4846011406589133,-0.48460114065891335,0.029503898605114248,-0.4846011406589133,-0.4846011406589133,-0.4846011406589133,1.3874503126611317,1.5272361093998275,-0.4846011406589133,-0.4846011406589133,-0.04581459543070918,-0.005743059462074656,1.5407762920346875,-0.4846011406589133
desktops_midpoint_missing,-0.15453946311280933,-0.2037014502818313,-0.2037014502818313,-0.14493309780392,4.9091452152964505,-0.2037014502818313,-0.2037014502818313,-0.2037014502818313,-0.2037014502818313,-0.2037014502818313,-0.2037014502818313,-0.2037014502818313,-0.2037014502818313,-0.2037014502818313,-0.2037014502818313,-0.2037014502818313,-0.2037014502818313,-0.2037014502818313,-0.2037014502818313,-0.2037014502818313,-0.2037014502818313,-0.2037014502818313,-0.20370145028183131,-0.20370145028183131,-0.2037014502818313,-0.2037014502818313,-0.2037014502818313,-0.20370145028183131,-0.20370145028183131,-0.2037014502818313,-0.2037014502818313,-0.2037014502818313,-0.2037014502818313,-0.2037014502818313,-0.20370145028183131,-0.2037014502818313,-0.20370145028183131,-0.2037014502818313,-0.20370145028183131,-0.2037014502818313,-0.2037014502818313,-0.2037014502818313,-0.2037014502818313,-0.2037014502818313,-0.20370145028183131,-0.20370145028183126,-0.2037014502818313
log_desktops_midpoint,-0.050213226427520005,-0.05021322642752,-0.05021322642752,-0.050213226427520005,-0.05021322642752,-0.05021322642752,-0.05021322642752,-0.05021322642752,-0.05021322642752,-0.05021322642752,-0.05021322642752,-0.05021322642752,-0.05021322642752,-0.05021322642752,-0.05021322642752,-0.05021322642752,-0.05021322642752,-0.05021322642752,-0.05021322642752,-0.050213226427520005,-0.05021322642752,-0.05021322642752,-0.05021322642752,-0.05021322642752,-0.05021322642752,-0.05021322642752,-0.05021322642752,-0.05021322642752,-0.05021322642752,-0.05021322642752,-0.05021322642752,-0.05021322642752,-0.05021322642752,-0.05021322642752,-0.05021322642752,-0.050213226427520005,-0.05021322642752,-0.050213226427520005,-0.050213226427520005,-0.05021322642752,-0.05021322642752,-0.05021322642752,-0.05021322642752,-0.05021322642752,-0.05021322642752,-0.05021322642752,-0.05021322642752
laptops_midpoint_missing,-0.21087989732942114,-0.2840454509085089,-0.21358973264716516,0.30632487797102675,3.5205633352040544,-0.2840454509085089,-0.2840454509085089,-0.2840454509085089,-0.2840454509085089,-0.2840454509085089,-0.05042912193668485,-0.2840454509085089,-0.2840454509085089,-0.2840454509085089,-0.09649431356493185,-0.2840454509085089,-0.2840454509085089,-0.2840454509085089,-0.2840454509085089,-0.2840454509085089,-0.2840454509085089,-0.2840454509085089,-0.2840454509085089,-0.2131521194902624,-0.2840454509085089,-0.2840454509085089,-0.2840454509085089,-0.2840454509085089,-0.2840454509085089,-0.2840454509085089,-0.2840454509085089,-0.2840454509085089,-0.2840454509085089,-0.2840454509085089,-0.2840454509085089,-0.22742924873421483,-0.2840454509085089,-0.2840454509085089,-0.2840454509085089,3.5205633352040544,-0.2840454509085089,-0.2840454509085089,-0.28404545090850897,-0.2840454509085089,-0.2840454509085089,-0.2840454509085089,-0.28404545090850886
log_laptops_midpoint,-0.0386344886521408,-0.0386344886521408,-0.0386344886521408,-0.0386344886521408,-0.0386344886521408,-0.0386344886521408,-0.0386344886521408,-0.0386344886521408,-0.0386344886521408,-0.0386344886521408,-0.0386344886521408,-0.0386344886521408,-0.0386344886521408,-0.0386344886521408,-0.0386344886521408,-0.0386344886521408,-0.0386344886521408,-0.0386344886521408,-0.0386344886521408,-0.0386344886521408,-0.0386344886521408,-0.0386344886521408,-0.0386344886521408,-0.0386344886521408,-0.0386344886521408,-0.0386344886521408,-0.0386344886521408,-0.0386344886521408,-0.0386344886521408,-0.0386344886521408,-0.0386344886521408,-0.0386344886521408,-0.0386344886521408,-0.0386344886521408,-0.0386344886521408,-0.0386344886521408,-0.0386344886521408,-0.0386344886521408,-0.0386344886521408,-0.0386344886521408,-0.0386344886521408,-0.0386344886521408,-0.0386344886521408,-0.0386344886521408,-0.0386344886521408,-0.0386344886521408,-0.0386344886521408
routers_midpoint_missing,0.23537675335281338,0.09313137864194716,-0.25926251261707123,-0.1424909087143664,1.2435913859933976,0.23537675335281338,1.1678742097907142,1.2627044595979584,1.2627044595979584,1.2627044595979584,-0.48555497032799017,-0.7919509528923316,-0.7919509528923316,-0.7919509528923316,-0.7774815485790197,0.5207455606431314,1.2627044595979584,1.2627044595979584,-0.7919509528923316,1.2627044595979584,1.2627044595979582,-0.7919509528923316,-0.7919509528923316,-0.7536654483117672,0.8614045743459486,0.839064168362847,-0.7919509528923316,-0.7919509528923316,1.2627044595979584,1.2627044595979584,1.2627044595979584,-0.7919509528923316,-0.7919509528923316,1.2627044595979584,0.2474629616615798,-0.7919509528923315,1.2627044595979584,1.2627044595979584,1.2627044595979584,-0.7919509528923316,-0.7919509528923316,-0.7919509528923316,-0.7919509528923316,-0.7919509528923317,-0.7919509528923316,-0.7919509528923315,-0.7919509528923316
log_routers_midpoint,-0.1319560156940506,-0.1774581253737656,0.173076645492187,0.8016217518725157,-0.17745812537376557,-0.1774581253737656,-0.1774581253737656,-0.1774581253737656,-0.1774581253737656,-0.1774581253737656,-0.1774581253737656,-0.1774581253737656,-0.1774581253737656,-0.1774581253737656,-0.1774581253737656,-0.1774581253737656,-0.1774581253737656,-0.1774581253737656,-0.1774581253737656,-0.1774581253737656,-0.17745812537376557,-0.1774581253737656,-0.1774581253737656,-0.1774581253737656,-0.1774581253737656,-0.1774581253737656,-0.1774581253737656,-0.1774581253737656,-0.1774581253737656,-0.1774581253737656,-0.1774581253737656,-0.1774581253737656,-0.1774581253737656,-0.1774581253737656,-0.1774581253737656,-0.1774581253737656,-0.1774581253737656,-0.1774581253737656,-0.1774581253737656,-0.1774581253737656,-0.17745812537376557,-0.1774581253737656,-0.1774581253737656,-0.17745812537376562,-0.1774581253737656,-0.1774581253737656,-0.17745812537376562
servers_midpoint_missing,0.12425073555987763,0.23852310832625137,-0.49819073295683236,0.04612158652222615,1.2472723299880333,0.0626815691986849,0.45918700056476613,1.2472723299880333,1.2472723299880333,-0.8017495265124612,-0.8017495265124612,-0.8017495265124613,-0.8017495265124612,-0.8017495265124612,-0.8017495265124612,0.5215770891441082,1.2472723299880333,1.2472723299880333,-0.8017495265124612,-0.8017495265124611,-0.8017495265124612,1.2472723299880333,1.2472723299880333,-0.8017495265124612,0.7350168658629097,0.21219943340530922,-0.8017495265124612,1.2472723299880333,1.2472723299880333,1.2472723299880333,1.2472723299880333,1.2472723299880333,1.2472723299880333,-0.8017495265124612,-0.8017495265124612,-0.8017495265124611,1.2472723299880333,1.2472723299880333,-0.8017495265124612,-0.8017495265124612,-0.8017495265124612,-0.8017495265124612,-0.8017495265124612,-0.8017495265124613,-0.8017495265124612,-0.8017495265124612,-0.8017495265124612
log_servers_midpoint,-0.0280886106991858,-0.0280886106991858,-0.0280886106991858,-0.0280886106991858,-0.0280886106991858,-0.0280886106991858,-0.0280886106991858,-0.0280886106991858,-0.0280886106991858,-0.028088610699185796,-0.0280886106991858,-0.0280886106991858,-0.028088610699185803,-0.0280886106991858,-0.0280886106991858,-0.028088610699185796,-0.0280886106991858,-0.0280886106991858,-0.0280886106991858,-0.0280886106991858,-0.0280886106991858,-0.0280886106991858,-0.0280886106991858,-0.0280886106991858,-0.0280886106991858,-0.028088610699185803,-0.0280886106991858,-0.0280886106991858,-0.0280886106991858,-0.0280886106991858,-0.0280886106991858,-0.0280886106991858,-0.0280886106991858,-0.0280886106991858,-0.0280886106991858,-0.0280886106991858,-0.0280886106991858,-0.0280886106991858,-0.0280886106991858,-0.0280886106991858,-0.0280886106991858,-0.0280886106991858,-0.0280886106991858,-0.0280886106991858,-0.0280886106991858,-0.0280886106991858,-0.0280886106991858
storage_devices_midpoint_missing,0.12331693834546234,0.21748523651338614,-0.40274670265435897,0.48321302042402164,1.2219470836379067,0.04239105710740281,0.437211265571875,1.2219470836379067,1.2219470836379067,-0.8183660433337757,-0.8004685597638487,-0.8183660433337757,-0.8183660433337757,-0.8183660433337757,-0.8183660433337757,0.49933618450210254,1.2219470836379067,1.2219470836379067,-0.8183660433337756,-0.8183660433337757,-0.8183660433337757,1.2219470836379067,1.2219470836379067,-0.8183660433337757,0.7118688018949861,0.19127344217798464,-0.8183660433337757,1.2219470836379067,1.2219470836379067,1.2219470836379067,1.2219470836379067,1.2219470836379067,1.2219470836379067,-0.8183660433337757,-0.8183660433337757,-0.8122936828368362,1.2219470836379067,1.2219470836379067,-0.8183660433337757,-0.8183660433337757,-0.7509972136696165,-0.8183660433337757,-0.8183660433337757,-0.7958211469031494,-0.7703586756403243,-0.8015502758037892,-0.8183660433337757
log_storage_devices_midpoint,-0.11091953047801992,-0.1109195304780199,-0.1109195304780199,-0.1109195304780199,-0.1109195304780199,-0.1109195304780199,-0.1109195304780199,-0.1109195304780199,-0.1109195304780199,-0.1109195304780199,-0.1109195304780199,-0.1109195304780199,-0.1109195304780199,-0.1109195304780199,-0.1109195304780199,-0.1109195304780199,-0.1109195304780199,-0.1109195304780199,-0.1109195304780199,-0.1109195304780199,-0.11091953047801989,-0.1109195304780199,-0.11091953047801992,-0.11091953047801992,-0.1109195304780199,-0.1109195304780199,-0.1109195304780199,-0.1109195304780199,-0.11091953047801992,-0.1109195304780199,-0.1109195304780199,-0.1109195304780199,-0.1109195304780199,-0.1109195304780199,-0.11091953047801992,-0.11091953047801992,-0.1109195304780199,-0.11091953047801992,-0.1109195304780199,-0.1109195304780199,-0.1109195304780199,-0.1109195304780199,-0.11091953047801989,-0.1109195304780199,-0.11091953047801992,-0.1109195304780199,-0.1109195304780199
log_it_assets_total,-0.017902924115202338,-0.2372393309412012,0.18296936208220918,0.9516010397452177,-0.39581421662874344,-0.3958142166287434,-0.3958142166287434,-0.3958142166287434,-0.3958142166287434,-0.3958142166287434,0.11341589687118225,0.03365943210835006,0.8926067295825368,-0.3958142166287434,0.4127494800738747,-0.3958142166287434,-0.3958142166287434,-0.3958142166287434,-0.3958142166287434,-0.3958142166287434,-0.3958142166287434,-0.3958142166287434,-0.3958142166287434,0.08434265773570891,-0.3958142166287434,-0.39581421662874344,0.14297999724142837,-0.3958142166287434,-0.3958142166287434,-0.3958142166287434,-0.3958142166287434,-0.3958142166287434,-0.3958142166287434,-0.3958142166287434,-0.3958142166287434,-0.0622052216276083,-0.3958142166287434,-0.3958142166287434,-0.3958142166287434,0.8189826755133209,0.9238582891569057,-0.3958142166287434,-0.3958142166287434,-0.11108030586381956,-0.08507740018955225,0.9399305197951525,-0.3958142166287434
it_budget_missing,0.0,0.0,0.0,0.0,0.0,0.0,0.0,0.0,0.0,0.0,0.0,0.0,0.0,0.0,0.0,0.0,0.0,0.0,0.0,0.0,0.0,0.0,0.0,0.0,0.0,0.0,0.0,0.0,0.0,0.0,0.0,0.0,0.0,0.0,0.0,0.0,0.0,0.0,0.0,0.0,0.0,0.0,0.0,0.0,0.0,0.0,0.0
log_it_budget,-0.17741079902012485,-0.49959857546270536,0.9113108110959176,0.3458956192709665,0.027890183874972763,-0.5855992288040183,-1.2229904735776225,0.8073885422415786,-1.2229904735776225,-1.2229904735776225,0.8507119382788833,0.7920611498689749,0.9597180840117684,0.7059701792110403,0.8631299768043389,-1.2229904735776225,-1.2229904735776225,-1.2229904735776225,-1.2229904735776225,-1.2229904735776225,-1.2229904735776225,-1.2229904735776225,-1.2229904735776225,0.7384187205641907,-1.2157624500590019,0.7004469094531336,0.8663970919369771,-1.2229904735776225,-1.2157737785396832,0.6271261644179017,0.7087638467736841,-1.1960281219378746,-1.2229904735776225,-1.2229904735776225,-1.2229904735776225,0.7081490609497477,-1.2229904735776225,-1.2229904735776225,0.7408017634226715,0.8553478232629796,0.886138939017848,0.8055194630954176,0.6986417958747996,0.603800991975494,0.5983494791099471,0.8717065555569804,0.7967738009743798
it_spend_missing,0.0,0.0,0.0,0.0,0.0,0.0,0.0,0.0,0.0,0.0,0.0,0.0,0.0,0.0,0.0,0.0,0.0,0.0,0.0,0.0,0.0,0.0,0.0,0.0,0.0,0.0,0.0,0.0,0.0,0.0,0.0,0.0,0.0,0.0,0.0,0.0,0.0,0.0,0.0,0.0,0.0,0.0,0.0,0.0,0.0,0.0,0.0
log_it_spend,-0.17462869420053695,-0.49738101870028556,0.9154391723612663,0.34821009490823907,0.010375918547416346,-0.5847142569590809,-1.2197411892855723,0.8072240201418396,-1.2197411892855723,-1.2197411892855723,0.8522912824489071,0.7911665358564249,0.965896075918939,0.7014434247635691,0.8652327457934991,-1.2197411892855723,-1.2197411892855723,-1.2197411892855725,-1.2197411892855723,-1.2197411892855723,-1.2197411892855723,-1.2197411892855723,-1.2197411892855723,0.7352748740847951,-1.2129063186557398,0.6956878546331662,0.8686381219867867,-1.2197411892855723,-1.212737515186139,0.6192639256260316,0.704345275789271,-1.1943540668218653,-1.2197411892855723,-1.2197411892855723,-1.2197411892855723,0.70370617988918,-1.2197411892855723,-1.2197411892855723,0.7377379515325715,0.8571231452899813,0.8892129066794863,0.8051917393091846,0.6937968213816883,0.5949883764100966,0.5892959484614742,0.8741717357630462,0.7960748850813143
it_spend_rate,-0.2301378932057196,-0.5302209349643962,0.7960518591887745,0.2888680158812912,0.19463540333962906,-0.5829528792050684,-1.256482806566673,0.7961241620397369,-1.256482806566673,-1.256482806566673,0.7962226681904494,0.7962186497280683,0.7962335579420851,0.7962055092513373,0.7962173516320145,-1.256482806566673,-1.256482806566673,-1.256482806566673,-1.256482806566673,-1.256482806566673,-1.256482806566673,-1.256482806566673,-1.256482806566673,0.7956714770919727,-1.2405198054425712,0.7961949125400576,0.796225787770212,-1.256482806566673,-1.2444175138341227,0.7959020315681589,0.7960033845858702,-1.193483234959572,-1.256482806566673,-1.256482806566673,-1.256482806566673,0.7959133523894947,-1.256482806566673,-1.256482806566673,0.7959914264548515,0.7962200750101619,0.7962284899372368,0.7962055911509035,0.795922509711772,0.7947768060154271,0.7955640416877446,0.796226939679261,0.7961591476000154
log_abs_it_budget_gap,-0.17215531464746375,-0.4955013397422425,0.9194473887126487,0.3501765569030573,0.012458902027049419,-0.5843439560030729,-1.2167228155320895,0.8064712248473273,-1.2167228155320895,-1.2167228155320895,0.8533938708388511,0.7895130969689541,0.9721206623210616,0.6957461945458661,0.8669206953908525,-1.2167228155320895,-1.2167228155320895,-1.2167228155320895,-1.2167228155320895,-1.2167228155320895,-1.2167228155320895,-1.2167228155320895,-1.2167228155320895,0.7313338439835165,-1.2102980027258803,0.6897364532067596,0.8704770504083902,-1.2167228155320895,-1.209948854809092,0.6099653474092601,0.6988436511364938,-1.193009994172539,-1.2167228155320895,-1.2167228155320895,-1.2167228155320895,0.698214338063548,-1.2167228155320895,-1.2167228155320895,0.7337539341743045,0.8584455256940878,0.891979326257633,0.8041749899353624,0.687852967949449,0.5850360917638739,0.5788136394055143,0.8762601768760704,0.7946616255241704
it_assets_per_employee,-0.3703043557376174,0.3434793974100574,-0.2510199084312852,-0.1851040012123987,-0.2365785594082905,0.35194303341567884,-0.35139629329158667,-0.511873002415526,-0.511873002415526,-0.511873002415526,-0.30499234448506823,-0.24438529662150274,-0.2942353883271076,-0.23736971371395285,-0.246506636704365,0.6897830343848363,-0.511873002415526,-0.511873002415526,2.9651223619364937,-0.511873002415526,-0.511873002415526,2.9651223619364937,2.9651223619364937,-0.23332029492836598,-0.23295412478294658,-0.3758457291816103,-0.25483933225774924,0.9175584251514154,-0.511873002415526,-0.511873002415526,-0.511873002415526,2.4614038027419065,2.3098424663470745,-0.511873002415526,0.031656366478173825,-0.18910613096311643,-0.511873002415526,-0.511873002415526,-0.511873002415526,-0.3042463619565196,-0.31543856481534727,-0.28038613723154004,0.00044082555167401685,-0.1525388182918968,-0.18592369817715967,-0.3067522223586483,-0.260118298048895
it_spend_per_employee,-0.05121310796601476,-0.017053872130326886,0.03764669735834783,-0.09755699441111827,-0.1203154949305721,-0.11554921891146626,-0.1527145204748891,-0.1527145204748891,-0.1527145204748891,-0.1527145204748891,-0.004227376735094197,-0.03211112631663155,0.015220091602055383,-0.055018232755434535,0.02891281464596318,-0.1527145204748891,-0.1527145204748891,-0.1527145204748891,-0.1527145204748891,-0.1527145204748891,-0.1527145204748891,-0.1527145204748891,-0.1527145204748891,0.015877099112277818,-0.1527145204748891,-0.0817099025043353,0.005450948111578054,-0.1527145204748891,-0.1527145204748891,-0.1527145204748891,-0.1527145204748891,-0.15256499186424125,-0.1527145204748891,-0.1527145204748891,-0.1527145204748891,0.014544429941200754,-0.1527145204748891,-0.1527145204748891,-0.1527145204748891,-0.05691255652697191,-0.04284526230953929,0.00456359380851075,0.14903915237552562,-0.005909493151586987,-0.019692309245590418,-0.044196944387134084,0.016858435563856605
sic_code_count,0.0,0.0,0.0,0.0,0.0,0.0,0.0,0.0,0.0,0.0,0.0,0.0,0.0,0.0,0.0,0.0,0.0,0.0,0.0,0.0,0.0,0.0,0.0,0.0,0.0,0.0,0.0,0.0,0.0,0.0,0.0,0.0,0.0,0.0,0.0,0.0,0.0,0.0,0.0,0.0,0.0,0.0,0.0,0.0,0.0,0.0,0.0
has_sic_code,0.0,0.0,0.0,0.0,0.0,0.0,0.0,0.0,0.0,0.0,0.0,0.0,0.0,0.0,0.0,0.0,0.0,0.0,0.0,0.0,0.0,0.0,0.0,0.0,0.0,0.0,0.0,0.0,0.0,0.0,0.0,0.0,0.0,0.0,0.0,0.0,0.0,0.0,0.0,0.0,0.0,0.0,0.0,0.0,0.0,0.0,0.0
sic8_code_count,0.0,0.0,0.0,0.0,0.0,0.0,0.0,0.0,0.0,0.0,0.0,0.0,0.0,0.0,0.0,0.0,0.0,0.0,0.0,0.0,0.0,0.0,0.0,0.0,0.0,0.0,0.0,0.0,0.0,0.0,0.0,0.0,0.0,0.0,0.0,0.0,0.0,0.0,0.0,0.0,0.0,0.0,0.0,0.0,0.0,0.0,0.0
has_sic8_code,0.0,0.0,0.0,0.0,0.0,0.0,0.0,0.0,0.0,0.0,0.0,0.0,0.0,0.0,0.0,0.0,0.0,0.0,0.0,0.0,0.0,0.0,0.0,0.0,0.0,0.0,0.0,0.0,0.0,0.0,0.0,0.0,0.0,0.0,0.0,0.0,0.0,0.0,0.0,0.0,0.0,0.0,0.0,0.0,0.0,0.0,0.0
naics_code_count,0.0,0.0,0.0,0.0,0.0,0.0,0.0,0.0,0.0,0.0,0.0,0.0,0.0,0.0,0.0,0.0,0.0,0.0,0.0,0.0,0.0,0.0,0.0,0.0,0.0,0.0,0.0,0.0,0.0,0.0,0.0,0.0,0.0,0.0,0.0,0.0,0.0,0.0,0.0,0.0,0.0,0.0,0.0,0.0,0.0,0.0,0.0
has_naics_code,0.0,0.0,0.0,0.0,0.0,0.0,0.0,0.0,0.0,0.0,0.0,0.0,0.0,0.0,0.0,0.0,0.0,0.0,0.0,0.0,0.0,0.0,0.0,0.0,0.0,0.0,0.0,0.0,0.0,0.0,0.0,0.0,0.0,0.0,0.0,0.0,0.0,0.0,0.0,0.0,0.0,0.0,0.0,0.0,0.0,0.0,0.0
nace2_code_count,0.0,0.0,0.0,0.0,0.0,0.0,0.0,0.0,0.0,0.0,0.0,0.0,0.0,0.0,0.0,0.0,0.0,0.0,0.0,0.0,0.0,0.0,0.0,0.0,0.0,0.0,0.0,0.0,0.0,0.0,0.0,0.0,0.0,0.0,0.0,0.0,0.0,0.0,0.0,0.0,0.0,0.0,0.0,0.0,0.0,0.0,0.0
has_nace2_code,0.0,0.0,0.0,0.0,0.0,0.0,0.0,0.0,0.0,0.0,0.0,0.0,0.0,0.0,0.0,0.0,0.0,0.0,0.0,0.0,0.0,0.0,0.0,0.0,0.0,0.0,0.0,0.0,0.0,0.0,0.0,0.0,0.0,0.0,0.0,0.0,0.0,0.0,0.0,0.0,0.0,0.0,0.0,0.0,0.0,0.0,0.0
anzsic_code_count,0.0,0.0,0.0,0.0,0.0,0.0,0.0,0.0,0.0,0.0,0.0,0.0,0.0,0.0,0.0,0.0,0.0,0.0,0.0,0.0,0.0,0.0,0.0,0.0,0.0,0.0,0.0,0.0,0.0,0.0,0.0,0.0,0.0,0.0,0.0,0.0,0.0,0.0,0.0,0.0,0.0,0.0,0.0,0.0,0.0,0.0,0.0
has_anzsic_code,0.0,0.0,0.0,0.0,0.0,0.0,0.0,0.0,0.0,0.0,0.0,0.0,0.0,0.0,0.0,0.0,0.0,0.0,0.0,0.0,0.0,0.0,0.0,0.0,0.0,0.0,0.0,0.0,0.0,0.0,0.0,0.0,0.0,0.0,0.0,0.0,0.0,0.0,0.0,0.0,0.0,0.0,0.0,0.0,0.0,0.0,0.0
isic4_code_count,0.0,0.0,0.0,0.0,0.0,0.0,0.0,0.0,0.0,0.0,0.0,0.0,0.0,0.0,0.0,0.0,0.0,0.0,0.0,0.0,0.0,0.0,0.0,0.0,0.0,0.0,0.0,0.0,0.0,0.0,0.0,0.0,0.0,0.0,0.0,0.0,0.0,0.0,0.0,0.0,0.0,0.0,0.0,0.0,0.0,0.0,0.0
has_isic4_code,0.0,0.0,0.0,0.0,0.0,0.0,0.0,0.0,0.0,0.0,0.0,0.0,0.0,0.0,0.0,0.0,0.0,0.0,0.0,0.0,0.0,0.0,0.0,0.0,0.0,0.0,0.0,0.0,0.0,0.0,0.0,0.0,0.0,0.0,0.0,0.0,0.0,0.0,0.0,0.0,0.0,0.0,0.0,0.0,0.0,0.0,0.0
registration_number_count,0.0,0.0,0.0,0.0,0.0,0.0,0.0,0.0,0.0,0.0,0.0,0.0,0.0,0.0,0.0,0.0,0.0,0.0,0.0,0.0,0.0,0.0,0.0,0.0,0.0,0.0,0.0,0.0,0.0,0.0,0.0,0.0,0.0,0.0,0.0,0.0,0.0,0.0,0.0,0.0,0.0,0.0,0.0,0.0,0.0,0.0,0.0
is_headquarters,0.0,0.0,0.0,0.0,0.0,0.0,0.0,0.0,0.0,0.0,0.0,0.0,0.0,0.0,0.0,0.0,0.0,0.0,0.0,0.0,0.0,0.0,0.0,0.0,0.0,0.0,0.0,0.0,0.0,0.0,0.0,0.0,0.0,0.0,0.0,0.0,0.0,0.0,0.0,0.0,0.0,0.0,0.0,0.0,0.0,0.0,0.0
is_headquarters_missing,0.0,0.0,0.0,0.0,0.0,0.0,0.0,0.0,0.0,0.0,0.0,0.0,0.0,0.0,0.0,0.0,0.0,0.0,0.0,0.0,0.0,0.0,0.0,0.0,0.0,0.0,0.0,0.0,0.0,0.0,0.0,0.0,0.0,0.0,0.0,0.0,0.0,0.0,0.0,0.0,0.0,0.0,0.0,0.0,0.0,0.0,0.0
is_domestic_ultimate,0.0,0.0,0.0,0.0,0.0,0.0,0.0,0.0,0.0,0.0,0.0,0.0,0.0,0.0,0.0,0.0,0.0,0.0,0.0,0.0,0.0,0.0,0.0,0.0,0.0,0.0,0.0,0.0,0.0,0.0,0.0,0.0,0.0,0.0,0.0,0.0,0.0,0.0,0.0,0.0,0.0,0.0,0.0,0.0,0.0,0.0,0.0
is_domestic_ultimate_missing,0.0,0.0,0.0,0.0,0.0,0.0,0.0,0.0,0.0,0.0,0.0,0.0,0.0,0.0,0.0,0.0,0.0,0.0,0.0,0.0,0.0,0.0,0.0,0.0,0.0,0.0,0.0,0.0,0.0,0.0,0.0,0.0,0.0,0.0,0.0,0.0,0.0,0.0,0.0,0.0,0.0,0.0,0.0,0.0,0.0,0.0,0.0
Region__Asia,0.0,0.0,0.0,0.0,0.0,0.0,0.0,0.0,0.0,0.0,0.0,0.0,0.0,0.0,0.0,0.0,0.0,0.0,0.0,0.0,0.0,0.0,0.0,0.0,0.0,0.0,0.0,0.0,0.0,0.0,0.0,0.0,0.0,0.0,0.0,0.0,0.0,0.0,0.0,0.0,0.0,0.0,0.0,0.0,0.0,0.0,0.0
Region__<NA>,0.0,0.0,0.0,0.0,0.0,0.0,0.0,0.0,0.0,0.0,0.0,0.0,0.0,0.0,0.0,0.0,0.0,0.0,0.0,0.0,0.0,0.0,0.0,0.0,0.0,0.0,0.0,0.0,0.0,0.0,0.0,0.0,0.0,0.0,0.0,0.0,0.0,0.0,0.0,0.0,0.0,0.0,0.0,0.0,0.0,0.0,0.0
Entity Type__Branch,0.2480249352094582,0.6228106420892592,-0.7974299313499864,-0.26688029184682,-0.1963048514291895,0.3885695752893835,1.2540286747289238,-0.7974299313499864,1.2540286747289238,-0.4270276830301832,-0.7974299313499864,-0.7974299313499864,-0.7974299313499864,-0.7974299313499864,-0.7974299313499864,1.2540286747289238,1.2540286747289238,1.2540286747289238,1.1514557444249782,1.2540286747289238,1.2540286747289238,1.2540286747289238,1.2540286747289238,-0.5680743107945804,1.2540286747289238,-0.7974299313499864,-0.7974299313499865,1.2540286747289238,1.2540286747289238,-0.7974299313499864,-0.7974299313499864,1.2540286747289238,1.2540286747289238,1.2540286747289238,1.2298938675985838,-0.6814248316014766,1.2540286747289238,1.2540286747289238,-0.7974299313499864,-0.7974299313499864,-0.7974299313499864,-0.7974299313499864,-0.7974299313499864,-0.7974299313499864,-0.6164188778724355,-0.7974299313499864,-0.7928812426447116
Entity Type__Parent,-0.483364064323916,-0.09071821166426643,0.5564203232747856,0.33803300675718995,-0.15098478439807309,-0.363729781091679,-0.483364064323916,1.7106307439585118,-0.48336406432391604,-0.483364064323916,-0.03561002181729808,-0.483364064323916,-0.483364064323916,-0.483364064323916,-0.41147116172426185,-0.483364064323916,-0.48336406432391604,-0.483364064323916,-0.3557541622095299,-0.483364064323916,-0.48336406432391593,-0.483364064323916,-0.483364064323916,-0.27728596153049745,-0.483364064323916,2.068833977963806,-0.48336406432391593,-0.483364064323916,-0.483364064323916,2.068833977963806,2.068833977963806,-0.483364064323916,-0.483364064323916,-0.48336406432391593,-0.483364064323916,0.20026041128886674,-0.48336406432391593,-0.483364064323916,2.068833977963806,-0.483364064323916,-0.483364064323916,-0.483364064323916,2.068833977963806,2.068833977963806,-0.483364064323916,-0.483364064323916,-0.483364064323916
Entity Type__Subsidiary,0.13868153791749896,-0.5427608455198106,0.34563811362808927,-0.004768238037612834,0.3135473508633388,-0.0949558506895786,-0.8542773636625807,-0.5700868558832114,-0.8542773636625807,0.8049807572784239,0.8153418695412133,1.1705800042654249,1.1705800042654249,1.1705800042654249,1.113541768549143,-0.8542773636625807,-0.8542773636625807,-0.8542773636625808,-0.8542773636625807,-0.8542773636625808,-0.8542773636625807,-0.8542773636625808,-0.8542773636625807,0.7807006352854983,-0.8542773636625807,-0.8542773636625807,1.1705800042654249,-0.8542773636625807,-0.8542773636625807,-0.8542773636625807,-0.8542773636625807,-0.8542773636625807,-0.8542773636625807,-0.8542773636625807,-0.8304555122751923,0.5137066319316373,-0.8542773636625807,-0.8542773636625808,-0.8542773636625807,1.1705800042654249,1.1705800042654249,1.1705800042654249,-0.8542773636625807,-0.8542773636625806,0.9919161188600126,1.1705800042654249,1.1660902983498418
Entity Type__<NA>,0.0,0.0,0.0,0.0,0.0,0.0,0.0,0.0,0.0,0.0,0.0,0.0,0.0,0.0,0.0,0.0,0.0,0.0,0.0,0.0,0.0,0.0,0.0,0.0,0.0,0.0,0.0,0.0,0.0,0.0,0.0,0.0,0.0,0.0,0.0,0.0,0.0,0.0,0.0,0.0,0.0,0.0,0.0,0.0,0.0,0.0,0.0
Ownership Type__Non-Corporates,-0.0108097054190027,-0.0108097054190027,-0.0108097054190027,-0.0108097054190027,-0.010809705419002698,-0.0108097054190027,-0.0108097054190027,-0.010809705419002702,-0.0108097054190027,-0.0108097054190027,-0.010809705419002702,-0.0108097054190027,-0.0108097054190027,-0.0108097054190027,-0.0108097054190027,-0.0108097054190027,-0.0108097054190027,-0.0108097054190027,-0.0108097054190027,-0.0108097054190027,-0.0108097054190027,-0.0108097054190027,-0.0108097054190027,-0.0108097054190027,-0.0108097054190027,-0.0108097054190027,-0.0108097054190027,-0.0108097054190027,-0.0108097054190027,-0.0108097054190027,-0.0108097054190027,-0.0108097054190027,-0.0108097054190027,-0.0108097054190027,-0.0108097054190027,-0.0108097054190027,-0.0108097054190027,-0.0108097054190027,-0.010809705419002698,-0.0108097054190027,-0.0108097054190027,-0.0108097054190027,-0.0108097054190027,-0.0108097054190027,-0.0108097054190027,-0.0108097054190027,-0.0108097054190027
Ownership Type__Nonprofit,-0.0305869758563349,-0.0305869758563349,-0.0305869758563349,-0.030586975856334905,-0.0305869758563349,-0.0305869758563349,-0.0305869758563349,-0.030586975856334898,-0.030586975856334898,-0.0305869758563349,-0.030586975856334898,-0.0305869758563349,-0.030586975856334905,-0.0305869758563349,-0.0305869758563349,-0.0305869758563349,-0.030586975856334905,-0.0305869758563349,-0.0305869758563349,-0.030586975856334905,-0.0305869758563349,-0.0305869758563349,-0.0305869758563349,-0.0305869758563349,-0.0305869758563349,-0.030586975856334905,-0.0305869758563349,-0.0305869758563349,-0.0305869758563349,-0.0305869758563349,-0.0305869758563349,-0.0305869758563349,-0.0305869758563349,-0.030586975856334898,-0.0305869758563349,-0.0305869758563349,-0.030586975856334905,-0.0305869758563349,-0.0305869758563349,-0.030586975856334905,-0.0305869758563349,-0.030586975856334905,-0.0305869758563349,-0.0305869758563349,-0.0305869758563349,-0.0305869758563349,-0.0305869758563349
Ownership Type__Partnership,-0.028609823193473802,-0.0286098231934738,-0.0286098231934738,-0.0286098231934738,-0.0286098231934738,-0.0286098231934738,-0.0286098231934738,-0.0286098231934738,-0.0286098231934738,-0.028609823193473802,-0.0286098231934738,-0.0286098231934738,-0.028609823193473802,-0.0286098231934738,-0.028609823193473796,-0.028609823193473802,-0.0286098231934738,-0.0286098231934738,-0.0286098231934738,-0.0286098231934738,-0.0286098231934738,-0.0286098231934738,-0.0286098231934738,-0.0286098231934738,-0.0286098231934738,-0.0286098231934738,-0.0286098231934738,-0.028609823193473796,-0.0286098231934738,-0.0286098231934738,-0.0286098231934738,-0.0286098231934738,-0.0286098231934738,-0.0286098231934738,-0.0286098231934738,-0.0286098231934738,-0.028609823193473796,-0.0286098231934738,-0.0286098231934738,-0.0286098231934738,-0.0286098231934738,-0.0286098231934738,-0.0286098231934738,-0.0286098231934738,-0.0286098231934738,-0.0286098231934738,-0.0286098231934738
Ownership Type__Private,-0.01750241054564939,0.3844224353805638,0.10796619215089336,0.3844224353805638,0.3844224353805638,-2.601304991499877,0.3844224353805638,-2.6013049914998776,-2.601304991499877,-2.601304991499877,0.3844224353805638,-2.601304991499877,-2.601304991499877,-2.601304991499877,0.3844224353805638,0.3844224353805638,0.3844224353805638,0.3844224353805638,0.3844224353805638,0.3844224353805638,0.3844224353805638,0.3844224353805638,0.3844224353805638,0.3844224353805638,0.3844224353805638,0.3844224353805638,0.3844224353805638,0.3844224353805638,0.3844224353805638,0.3844224353805638,0.3844224353805638,0.3844224353805638,0.3844224353805638,0.3844224353805638,0.3844224353805638,0.3844224353805638,0.3844224353805638,0.3844224353805638,0.3844224353805638,0.3844224353805638,0.38442243538056386,0.3844224353805638,0.3844224353805638,0.3844224353805638,0.3844224353805638,0.38442243538056386,0.3844224353805638
Ownership Type__Public Sector,-0.0216232011680767,-0.0216232011680767,-0.0216232011680767,-0.0216232011680767,-0.0216232011680767,-0.0216232011680767,-0.0216232011680767,-0.021623201168076703,-0.0216232011680767,-0.0216232011680767,-0.021623201168076703,-0.0216232011680767,-0.0216232011680767,-0.021623201168076703,-0.0216232011680767,-0.0216232011680767,-0.0216232011680767,-0.0216232011680767,-0.0216232011680767,-0.0216232011680767,-0.0216232011680767,-0.0216232011680767,-0.0216232011680767,-0.0216232011680767,-0.0216232011680767,-0.0216232011680767,-0.021623201168076697,-0.0216232011680767,-0.0216232011680767,-0.021623201168076697,-0.0216232011680767,-0.0216232011680767,-0.0216232011680767,-0.0216232011680767,-0.0216232011680767,-0.0216232011680767,-0.0216232011680767,-0.0216232011680767,-0.0216232011680767,-0.0216232011680767,-0.021623201168076703,-0.0216232011680767,-0.0216232011680767,-0.0216232011680767,-0.0216232011680767,-0.0216232011680767,-0.0216232011680767
Ownership Type__<NA>,0.02467136616603355,-0.380408261432094,-0.10178206255507505,-0.380408261432094,-0.380408261432094,2.6287546864397107,-0.380408261432094,2.6287546864397107,2.6287546864397107,2.6287546864397107,-0.380408261432094,2.6287546864397107,2.6287546864397107,2.6287546864397107,-0.380408261432094,-0.380408261432094,-0.380408261432094,-0.380408261432094,-0.380408261432094,-0.380408261432094,-0.38040826143209405,-0.380408261432094,-0.38040826143209394,-0.380408261432094,-0.380408261432094,-0.380408261432094,-0.380408261432094,-0.380408261432094,-0.38040826143209394,-0.380408261432094,-0.380408261432094,-0.380408261432094,-0.380408261432094,-0.380408261432094,-0.38040826143209394,-0.380408261432094,-0.380408261432094,-0.380408261432094,-0.380408261432094,-0.380408261432094,-0.380408261432094,-0.380408261432094,-0.38040826143209405,-0.380408261432094,-0.38040826143209394,-0.380408261432094,-0.380408261432094
Legal Status__0.0,0.17131676885785502,-0.3370209758654528,-0.3370209758654528,-0.29904171907578037,-0.04502231784997135,2.967174364836048,2.967174364836048,-0.3370209758654528,-0.3370209758654528,-0.3370209758654528,2.967174364836048,-0.3370209758654528,-0.3370209758654528,-0.3370209758654528,2.967174364836048,2.967174364836048,-0.3370209758654528,-0.3370209758654528,-0.3370209758654528,-0.3370209758654528,-0.3370209758654528,-0.3370209758654529,-0.3370209758654528,-0.3370209758654528,-0.3112069497662224,-0.2688932368819167,-0.3370209758654528,-0.3370209758654528,-0.3370209758654528,-0.3370209758654528,-0.3370209758654528,-0.3370209758654528,-0.3370209758654528,-0.3370209758654528,-0.3370209758654528,-0.3370209758654528,-0.3370209758654528,-0.3370209758654528,-0.3370209758654528,-0.3370209758654528,-0.3370209758654528,-0.3370209758654528,-0.3370209758654528,-0.3370209758654528,-0.3370209758654528,-0.3370209758654528,-0.3370209758654528
Legal Status__100.0,-0.0108097054190027,-0.0108097054190027,-0.0108097054190027,-0.0108097054190027,-0.010809705419002698,-0.0108097054190027,-0.0108097054190027,-0.010809705419002702,-0.0108097054190027,-0.0108097054190027,-0.010809705419002702,-0.0108097054190027,-0.0108097054190027,-0.0108097054190027,-0.0108097054190027,-0.0108097054190027,-0.0108097054190027,-0.0108097054190027,-0.0108097054190027,-0.0108097054190027,-0.0108097054190027,-0.0108097054190027,-0.0108097054190027,-0.0108097054190027,-0.0108097054190027,-0.0108097054190027,-0.0108097054190027,-0.0108097054190027,-0.0108097054190027,-0.0108097054190027,-0.0108097054190027,-0.0108097054190027,-0.0108097054190027,-0.0108097054190027,-0.0108097054190027,-0.0108097054190027,-0.0108097054190027,-0.0108097054190027,-0.010809705419002698,-0.0108097054190027,-0.0108097054190027,-0.0108097054190027,-0.0108097054190027,-0.0108097054190027,-0.0108097054190027,-0.0108097054190027,-0.0108097054190027
Legal Status__101.0,-0.0796819072889595,-0.0796819072889595,-0.0796819072889595,-0.0796819072889595,-0.0796819072889595,-0.0796819072889595,-0.0796819072889595,-0.0796819072889595,-0.0796819072889595,-0.0796819072889595,-0.0796819072889595,-0.0796819072889595,-0.0796819072889595,-0.0796819072889595,-0.0796819072889595,-0.0796819072889595,-0.0796819072889595,-0.0796819072889595,-0.0796819072889595,-0.0796819072889595,-0.0796819072889595,-0.0796819072889595,-0.0796819072889595,-0.0796819072889595,-0.0796819072889595,-0.0796819072889595,-0.0796819072889595,-0.0796819072889595,-0.0796819072889595,-0.0796819072889595,-0.0796819072889595,-0.0796819072889595,-0.0796819072889595,-0.0796819072889595,-0.0796819072889595,-0.0796819072889595,-0.0796819072889595,-0.0796819072889595,-0.07968190728895952,-0.0796819072889595,-0.0796819072889595,-0.0796819072889595,-0.0796819072889595,-0.0796819072889595,-0.0796819072889595,-0.0796819072889595,-0.0796819072889595
Legal Status__12.0,-0.0593077666530073,-0.0593077666530073,-0.0593077666530073,-0.0593077666530073,-0.059307766653007306,-0.0593077666530073,-0.0593077666530073,-0.0593077666530073,-0.0593077666530073,-0.0593077666530073,-0.0593077666530073,-0.0593077666530073,-0.0593077666530073,-0.0593077666530073,-0.0593077666530073,-0.0593077666530073,-0.0593077666530073,-0.0593077666530073,-0.0593077666530073,-0.0593077666530073,-0.0593077666530073,-0.0593077666530073,-0.0593077666530073,-0.05930776665300729,-0.0593077666530073,-0.0593077666530073,-0.0593077666530073,-0.0593077666530073,-0.0593077666530073,-0.0593077666530073,-0.0593077666530073,-0.0593077666530073,-0.0593077666530073,-0.0593077666530073,-0.0593077666530073,-0.0593077666530073,-0.0593077666530073,-0.0593077666530073,-0.0593077666530073,-0.0593077666530073,-0.0593077666530073,-0.0593077666530073,-0.0593077666530073,-0.05930776665300729,-0.0593077666530073,-0.0593077666530073,-0.0593077666530073
Legal Status__120.0,-0.056254395046301205,-0.0562543950463012,-0.0562543950463012,-0.0562543950463012,-0.0562543950463012,-0.0562543950463012,-0.0562543950463012,-0.0562543950463012,-0.0562543950463012,-0.056254395046301205,-0.0562543950463012,-0.0562543950463012,-0.056254395046301205,-0.0562543950463012,-0.0562543950463012,-0.056254395046301205,-0.0562543950463012,-0.0562543950463012,-0.0562543950463012,-0.0562543950463012,-0.0562543950463012,-0.0562543950463012,-0.05625439504630119,-0.05625439504630119,-0.0562543950463012,-0.0562543950463012,-0.0562543950463012,-0.05625439504630119,-0.05625439504630119,-0.0562543950463012,-0.0562543950463012,-0.0562543950463012,-0.0562543950463012,-0.0562543950463012,-0.05625439504630119,-0.0562543950463012,-0.05625439504630119,-0.0562543950463012,-0.05625439504630119,-0.0562543950463012,-0.0562543950463012,-0.0562543950463012,-0.0562543950463012,-0.0562543950463012,-0.05625439504630119,-0.056254395046301205,-0.0562543950463012
Legal Status__13.0,-0.056254395046301205,-0.0562543950463012,-0.0562543950463012,-0.0562543950463012,-0.0562543950463012,-0.0562543950463012,-0.0562543950463012,-0.0562543950463012,-0.0562543950463012,-0.056254395046301205,-0.0562543950463012,-0.0562543950463012,-0.056254395046301205,-0.0562543950463012,-0.0562543950463012,-0.056254395046301205,-0.0562543950463012,-0.0562543950463012,-0.0562543950463012,-0.0562543950463012,-0.0562543950463012,-0.0562543950463012,-0.05625439504630119,-0.05625439504630119,-0.0562543950463012,-0.0562543950463012,-0.0562543950463012,-0.05625439504630119,-0.05625439504630119,-0.0562543950463012,-0.0562543950463012,-0.0562543950463012,-0.0562543950463012,-0.0562543950463012,-0.05625439504630119,-0.0562543950463012,-0.05625439504630119,-0.0562543950463012,-0.05625439504630119,-0.0562543950463012,-0.0562543950463012,-0.0562543950463012,-0.0562543950463012,-0.0562543950463012,-0.05625439504630119,-0.056254395046301205,-0.0562543950463012
Legal Status__3.0,-0.07341149804162393,0.3852228170957906,-2.5959002312974038,0.3509570349303516,0.12177473374941528,-2.5959002312974038,-2.5959002312974038,0.3852228170957906,0.3852228170957906,0.3852228170957906,-2.5959002312974038,0.38522281709579054,0.3852228170957906,0.3852228170957906,-2.5959002312974038,-2.5959002312974038,0.3852228170957906,0.3852228170957906,0.3852228170957906,0.38522281709579054,0.3852228170957906,0.3852228170957906,0.38522281709579065,0.3852228170957906,0.36193279328021877,0.3237563624897453,0.3852228170957906,0.3852228170957906,0.38522281709579065,0.3852228170957906,0.3852228170957906,0.3852228170957906,0.3852228170957906,0.3852228170957906,0.38522281709579065,0.3852228170957906,0.3852228170957906,0.3852228170957906,0.3852228170957906,0.3852228170957906,0.38522281709579065,0.3852228170957906,0.3852228170957906,0.38522281709579065,0.38522281709579065,0.38522281709579054,0.38522281709579054
Legal Status__50.0,-0.028609823193473802,-0.0286098231934738,-0.0286098231934738,-0.0286098231934738,-0.0286098231934738,-0.0286098231934738,-0.0286098231934738,-0.0286098231934738,-0.0286098231934738,-0.028609823193473802,-0.0286098231934738,-0.0286098231934738,-0.028609823193473802,-0.0286098231934738,-0.028609823193473796,-0.028609823193473802,-0.0286098231934738,-0.0286098231934738,-0.0286098231934738,-0.0286098231934738,-0.0286098231934738,-0.0286098231934738,-0.0286098231934738,-0.0286098231934738,-0.0286098231934738,-0.0286098231934738,-0.0286098231934738,-0.028609823193473796,-0.0286098231934738,-0.0286098231934738,-0.0286098231934738,-0.0286098231934738,-0.0286098231934738,-0.0286098231934738,-0.0286098231934738,-0.0286098231934738,-0.028609823193473796,-0.0286098231934738,-0.0286098231934738,-0.0286098231934738,-0.0286098231934738,-0.0286098231934738,-0.0286098231934738,-0.0286098231934738,-0.0286098231934738,-0.0286098231934738,-0.0286098231934738
Legal Status__8.0,-0.1001532929382847,-0.1001532929382847,9.984694168929703,-0.1001532929382847,-0.1001532929382847,-0.1001532929382847,-0.1001532929382847,-0.10015329293828472,-0.1001532929382847,-0.1001532929382847,-0.10015329293828472,-0.1001532929382847,-0.1001532929382847,-0.1001532929382847,-0.1001532929382847,-0.1001532929382847,-0.1001532929382847,-0.1001532929382847,-0.1001532929382847,-0.1001532929382847,-0.1001532929382847,-0.1001532929382847,-0.1001532929382847,-0.10015329293828469,-0.1001532929382847,-0.1001532929382847,-0.1001532929382847,-0.1001532929382847,-0.1001532929382847,-0.1001532929382847,-0.1001532929382847,-0.1001532929382847,-0.1001532929382847,-0.1001532929382847,-0.1001532929382847,-0.1001532929382847,-0.10015329293828469,-0.1001532929382847,-0.10015329293828469,-0.1001532929382847,-0.1001532929382847,-0.1001532929382847,-0.1001532929382847,-0.1001532929382847,-0.1001532929382847,-0.10015329293828472,-0.10015329293828472
Legal Status__<NA>,-0.0152881252415688,-0.0152881252415688,-0.0152881252415688,-0.015288125241568801,-0.0152881252415688,-0.0152881252415688,-0.0152881252415688,-0.0152881252415688,-0.0152881252415688,-0.0152881252415688,-0.0152881252415688,-0.0152881252415688,-0.0152881252415688,-0.0152881252415688,-0.0152881252415688,-0.0152881252415688,-0.015288125241568801,-0.0152881252415688,-0.015288125241568801,-0.015288125241568801,-0.0152881252415688,-0.0152881252415688,-0.0152881252415688,-0.0152881252415688,-0.0152881252415688,-0.0152881252415688,-0.0152881252415688,-0.0152881252415688,-0.0152881252415688,-0.0152881252415688,-0.0152881252415688,-0.0152881252415688,-0.0152881252415688,-0.0152881252415688,-0.0152881252415688,-0.015288125241568798,-0.0152881252415688,-0.015288125241568798,-0.015288125241568801,-0.015288125241568798,-0.0152881252415688,-0.0152881252415688,-0.0152881252415688,-0.0152881252415688,-0.0152881252415688,-0.015288125241568798,-0.015288125241568801
Franchise Status__FALSE,0.1576946978798792,-0.6307489151972742,-0.17930772732927447,0.7065925347565181,-0.39367070998287435,-0.6307489151972742,-0.6307489151972742,-0.6307489151972742,-0.6307489151972742,-0.6307489151972742,-0.6307489151972742,-0.6307489151972742,-0.6307489151972742,-0.6307489151972742,-0.6307489151972742,-0.6307489151972742,1.5854169161547245,1.5854169161547245,1.5854169161547245,1.5854169161547245,1.5854169161547245,1.5854169161547245,1.5854169161547245,0.8145766269888118,1.2564548005634122,1.5854169161547245,-0.6307489151972742,1.5854169161547245,-0.6307489151972742,-0.6307489151972742,-0.6307489151972742,0.5625711478384174,-0.6307489151972742,-0.6307489151972742,0.6728780444215485,0.29265351453272526,1.5854169161547242,-0.6043659886335598,-0.6307489151972742,-0.6307489151972742,-0.630748915197274,-0.6307489151972742,-0.6307489151972742,-0.6307489151972742,-0.6307489151972742,-0.6307489151972742,-0.6307489151972742
Franchise Status__False,0.20018985613280607,10.23067283548187,-0.0977452818676612,-0.0977452818676612,-0.0977452818676612,-0.0977452818676612,-0.0977452818676612,-0.0977452818676612,-0.0977452818676612,-0.0977452818676612,-0.0977452818676612,-0.0977452818676612,-0.0977452818676612,-0.0977452818676612,-0.0977452818676612,-0.0977452818676612,-0.0977452818676612,-0.0977452818676612,-0.0977452818676612,-0.0977452818676612,-0.0977452818676612,-0.0977452818676612,-0.0977452818676612,-0.0977452818676612,-0.0977452818676612,-0.0977452818676612,-0.0977452818676612,-0.0977452818676612,-0.0977452818676612,-0.0977452818676612,-0.0977452818676612,-0.0977452818676612,-0.0977452818676612,-0.0977452818676612,-0.0977452818676612,-0.0977452818676612,-0.0977452818676612,-0.0977452818676612,-0.0977452818676612,-0.0977452818676612,-0.09774528186766121,-0.0977452818676612,-0.0977452818676612,-0.0977452818676612,-0.0977452818676612,-0.0977452818676612,-0.09774528186766121
Franchise Status__NO,-0.0187251471568284,-0.0187251471568284,-0.0187251471568284,-0.0187251471568284,-0.0187251471568284,-0.0187251471568284,-0.0187251471568284,-0.018725147156828395,-0.0187251471568284,-0.0187251471568284,-0.018725147156828395,-0.0187251471568284,-0.0187251471568284,-0.0187251471568284,-0.0187251471568284,-0.0187251471568284,-0.0187251471568284,-0.018725147156828402,-0.0187251471568284,-0.0187251471568284,-0.0187251471568284,-0.0187251471568284,-0.0187251471568284,-0.0187251471568284,-0.0187251471568284,-0.0187251471568284,-0.0187251471568284,-0.0187251471568284,-0.0187251471568284,-0.0187251471568284,-0.0187251471568284,-0.0187251471568284,-0.0187251471568284,-0.0187251471568284,-0.0187251471568284,-0.0187251471568284,-0.0187251471568284,-0.0187251471568284,-0.0187251471568284,-0.0187251471568284,-0.0187251471568284,-0.0187251471568284,-0.0187251471568284,-0.0187251471568284,-0.0187251471568284,-0.0187251471568284,-0.0187251471568284
Franchise Status__No,-0.0108097054190027,-0.0108097054190027,-0.0108097054190027,-0.0108097054190027,-0.010809705419002698,-0.0108097054190027,-0.0108097054190027,-0.010809705419002702,-0.0108097054190027,-0.0108097054190027,-0.010809705419002702,-0.0108097054190027,-0.0108097054190027,-0.0108097054190027,-0.0108097054190027,-0.0108097054190027,-0.0108097054190027,-0.0108097054190027,-0.0108097054190027,-0.0108097054190027,-0.0108097054190027,-0.0108097054190027,-0.0108097054190027,-0.0108097054190027,-0.0108097054190027,-0.0108097054190027,-0.0108097054190027,-0.0108097054190027,-0.0108097054190027,-0.0108097054190027,-0.0108097054190027,-0.0108097054190027,-0.0108097054190027,-0.0108097054190027,-0.0108097054190027,-0.0108097054190027,-0.0108097054190027,-0.0108097054190027,-0.010809705419002698,-0.0108097054190027,-0.0108097054190027,-0.0108097054190027,-0.0108097054190027,-0.0108097054190027,-0.0108097054190027,-0.0108097054190027,-0.0108097054190027
Franchise Status__<NA>,-0.19759596366585738,-1.5476050261412706,0.1992817005340905,-0.6776638414857781,0.41147789242770116,0.6461597003812759,0.6461597003812759,0.6461597003812759,0.6461597003812759,0.6461597003812759,0.6461597003812759,0.646159700381276,0.6461597003812759,0.6461597003812759,0.6461597003812759,0.6461597003812759,-1.5476050261412706,-1.5476050261412708,-1.5476050261412706,-1.5476050261412704,-1.5476050261412706,-1.5476050261412706,-1.5476050261412706,-0.7845564256116893,-1.22196807454808,-1.5476050261412706,0.6461597003812759,-1.5476050261412706,0.6461597003812759,0.6461597003812759,0.6461597003812759,-0.5350982292847106,0.6461597003812759,0.6461597003812759,-0.6442901387496338,-0.26790893566978513,-1.5476050261412704,0.6200434536369599,0.6461597003812759,0.6461597003812759,0.6461597003812758,0.6461597003812759,0.6461597003812759,0.6461597003812759,0.6461597003812759,0.6461597003812759,0.6461597003812759
Manufacturing Status__Yes,-0.009584948982807574,0.0015994516094010515,0.14575394813120096,5.638537350082543,-0.17735095786593683,-0.1773509578659368,-0.1773509578659368,-0.1773509578659368,-0.1773509578659368,-0.1773509578659368,-0.1773509578659368,-0.1773509578659368,-0.1773509578659368,-0.1773509578659368,-0.1773509578659368,-0.1773509578659368,-0.1773509578659368,-0.1773509578659368,-0.1773509578659368,-0.1773509578659368,-0.1773509578659368,-0.1773509578659368,-0.1773509578659368,-0.1773509578659368,-0.1773509578659368,-0.1773509578659368,-0.1773509578659368,-0.1773509578659368,-0.1773509578659368,-0.1773509578659368,-0.1773509578659368,-0.1773509578659368,-0.1773509578659368,-0.1773509578659368,-0.1773509578659368,-0.1773509578659368,-0.1773509578659368,-0.1773509578659368,-0.17735095786593677,-0.1773509578659368,-0.1773509578659368,-0.1773509578659368,-0.1773509578659368,-0.1773509578659368,-0.1773509578659368,-0.17735095786593683,-0.1773509578659368
Manufacturing Status__<NA>,0.00958494898280771,-0.0015994516094009028,-0.1457539481312008,-5.638537350082542,0.1773509578659369,0.1773509578659369,0.1773509578659369,0.1773509578659369,0.1773509578659369,0.1773509578659369,0.1773509578659369,0.17735095786593694,0.1773509578659369,0.1773509578659369,0.1773509578659369,0.1773509578659369,0.1773509578659369,0.17735095786593688,0.1773509578659369,0.1773509578659369,0.1773509578659369,0.17735095786593688,0.1773509578659369,0.1773509578659369,0.1773509578659369,0.1773509578659369,0.1773509578659369,0.1773509578659369,0.1773509578659369,0.1773509578659369,0.1773509578659369,0.1773509578659369,0.1773509578659369,0.1773509578659369,0.1773509578659369,0.1773509578659369,0.1773509578659369,0.1773509578659369,0.1773509578659369,0.1773509578659369,0.1773509578659369,0.1773509578659369,0.1773509578659369,0.1773509578659369,0.1773509578659369,0.17735095786593688,0.1773509578659369
Registration Number Type__indonesia legalization number,-0.0305869758563349,-0.0305869758563349,-0.0305869758563349,-0.030586975856334905,-0.0305869758563349,-0.0305869758563349,-0.0305869758563349,-0.030586975856334898,-0.030586975856334898,-0.0305869758563349,-0.030586975856334898,-0.0305869758563349,-0.030586975856334905,-0.0305869758563349,-0.0305869758563349,-0.0305869758563349,-0.030586975856334905,-0.0305869758563349,-0.0305869758563349,-0.030586975856334905,-0.0305869758563349,-0.0305869758563349,-0.0305869758563349,-0.0305869758563349,-0.0305869758563349,-0.030586975856334905,-0.0305869758563349,-0.0305869758563349,-0.0305869758563349,-0.0305869758563349,-0.0305869758563349,-0.0305869758563349,-0.0305869758563349,-0.030586975856334898,-0.0305869758563349,-0.0305869758563349,-0.030586975856334905,-0.0305869758563349,-0.0305869758563349,-0.030586975856334905,-0.0305869758563349,-0.030586975856334905,-0.0305869758563349,-0.0305869758563349,-0.0305869758563349,-0.0305869758563349,-0.0305869758563349
Registration Number Type__<NA>,0.0305869758563356,0.0305869758563356,0.0305869758563356,0.0305869758563356,0.030586975856335602,0.0305869758563356,0.0305869758563356,0.030586975856335595,0.0305869758563356,0.0305869758563356,0.030586975856335595,0.0305869758563356,0.0305869758563356,0.0305869758563356,0.0305869758563356,0.0305869758563356,0.0305869758563356,0.0305869758563356,0.030586975856335595,0.0305869758563356,0.0305869758563356,0.0305869758563356,0.0305869758563356,0.0305869758563356,0.0305869758563356,0.0305869758563356,0.0305869758563356,0.0305869758563356,0.0305869758563356,0.0305869758563356,0.0305869758563356,0.0305869758563356,0.0305869758563356,0.030586975856335602,0.0305869758563356,0.0305869758563356,0.0305869758563356,0.0305869758563356,0.0305869758563356,0.030586975856335602,0.0305869758563356,0.0305869758563356,0.0305869758563356,0.0305869758563356,0.0305869758563356,0.0305869758563356,0.0305869758563356
